0,1,2,3,4,5,6,7,8,9,10,11,12,13,14,15,16,17,18,19,20,21,22,23,24,25,26,27,28,29,30,31,32,33,34,35,36,37,38,39,40,41,42,43,44,45,46,47,48,49,50,51,52,53,54,55,56,57,58,59,60,61,62,63,64,65,66,67,68,69,70,71,72,73,74,75,76,77,78,79,80,81,82,83,84,85,86,87,88,89,90,91,92,93,94,95,96,97,98,99,100,101,102,103,104,105,106,107,108,109,110,111,112,113,114,115,116,117,118,119,120,121,122,123,124,125,126,127,128,129,130,131,132,133,134,135,136,137,138,139,140,141,142,143,144,145,146
T002,defect,272.0,110.0,1,0,1,0.34688995215310725,0.3280170122275433,0.33739612188364654,0.32301341589267757,0.3177209077740178,0.3214285714285738,0.3232373386295954,0.33473684210525706,0.3168016194331919,0.34287174246294927,0.3450292397660818,0.38781163434902266,0.3822714681440327,0.38030560271646546,0.4199084668192137,0.41461988304093994,0.4106487148102698,0.387609649122809,0.36437246963562026,0.34979040521657334,0.3411483253588473,0.3411654135338315,0.33702677746998905,0.34437386569872375,0.3684210526315816,0.41074335322842814,0.4325657894736901,0.4335031126202644,0.4618568894145298,0.4424522845575452,0.4373304395008047,0.4059454191033183,0.38956766917292934,0.38248638838474786,0.3916548127074478,0.3813306852035738,0.36842105263157354,0.3531726512542902,0.3525850023288254,0.35277382645803695,0.340080971659919,0.3555948695267569,0.37159709618874104,0.3863055697496128,0.42276887871852603,0.45009074410163674,0.4174228675136083,0.483253588516726,0.5224458204334127,0.5379256965944055,0.5183413078149904,0.5011441647597252,0.5651821862348365,0.521126760563403,0.4916897506925115,0.48202824133503885,0.4894736842105482,0.5136842105263273,0.5045614035087705,0.5420267085624448,0.5685936151854909,0.5344827586206894,0.5905263157894423,0.5674641148325259,0.5107851596203488,0.5645933014353915,0.5687903970452464,0.4857142857142785,0.5090225563909752,0.5402960526315681,0.9187736713767847,0.8850380733483679,0.9073241347428591,0.9481225607208426,0.9940052114184017,0.9373466822266212,0.9337441875971324,0.9465463172423692,0.9612941941077316,0.9228877581540803,0.8761514450325527,0.8904200234584018,0.8894256975645307,0.8822857416030775,0.8739975363944866,0.922932583072133,0.9585172993903077,0.9889769248593422,0.9737758951467405,0.9664081451160318,0.8969441047674896,0.9432574661251871,0.913323548851519,0.8572038948620483,0.8856894845447557,0.8955866174171792,1.0,0.9772326945831428,0.9881393972934545,0.9652340472040388,0.9879114010047318,0.9477276564371017,0.9104276548445105,0.9526866819145012,0.9524186309909223,0.9096993223322499,0.8778241568027035,0.9119797525765678,0.8279108185945507,0.7384233536919429,0.7117596484626385,0.7894569541453612,0.8154321646037332,0.7900440300657003,0.8378373015693247,0.8508309354598479,0.9065221886547121,0.9795270875204913,0.9156908275710853,0.886914538965943,0.8753339387812887,0.9129443027539204,0.8534030998615963,0.8382030921901837,0.9330248584403776,0.8904616946570112,0.8809692055845323,0.8827329037649556,0.9058523020643237,0.8193312903937602,0.7216876687165137,0.6874147191574524,0.6997411649634104,0.6977612267523847,0.5974846341839721,0.6371071773993519,0.6020809920303837,0.6614163825881891,0.7066404278330383,0.6935339666257929
T002,defect,273.0,110.0,1,0,1,0.3397129186602844,0.32482721956406646,0.336842105263147,0.32198142414860964,0.317238049251564,0.32330827067669243,0.32869910625620813,0.3336842105263078,0.3152834008097102,0.3423607562595759,0.34502923976608185,0.38947368421051537,0.38337950138502874,0.3837011884550023,0.4199084668192105,0.41111111111111215,0.40575275397795424,0.38486842105263164,0.3552631578947272,0.34187238006519793,0.33732057416267347,0.34445488721804035,0.3430286241920582,0.34709618874772297,0.3734335839599034,0.41020075963103164,0.4281798245614074,0.4284097340124545,0.45949142519217523,0.44187391555812244,0.44438415626694766,0.4191033138401603,0.40507518796992165,0.3938294010889202,0.4011379800853511,0.3917576961271089,0.37735849056603216,0.36055090998522943,0.36283185840707466,0.3693693693693685,0.35537561853351163,0.37019018133569054,0.3856624319419174,0.4031681144609052,0.43421052631577856,0.45614035087719407,0.4264972776769477,0.48872180451125624,0.524767801857557,0.5317337461300068,0.5095693779904262,0.4980930587337896,0.5538461538461737,0.5137138621201102,0.4882271468143928,0.4871630295250247,0.5006578947368631,0.5221052631579023,0.5178947368421053,0.5577376276512096,0.5789473684210386,0.5490018148820336,0.5978947368420752,0.5645933014353915,0.4866264020707362,0.5349282296650558,0.5475530932594627,0.46766917293232,0.49999999999999784,0.5320723684210404,0.9500599545831024,0.9240687674054454,0.9317444238001998,0.9591305422164419,0.937169769920043,0.9153662196100919,0.9196243510724142,0.921861515554198,0.93741243686606,0.9286909366192798,0.9083672435525245,0.8875293621348757,0.8805386066710035,0.9026274457125609,0.9206939909987837,0.927556540870145,0.9604932417579269,0.9842942657322473,0.9768536474915475,0.9431358267888309,0.8642066469406292,0.8875572353300502,0.8435739691155363,0.8000481790340636,0.8079406258914217,0.8616349077845815,0.9602942526070303,0.9647924510892673,1.0,0.9999778937886852,0.98030444763453,0.9187184363196106,0.8689323534857977,0.8893150097281192,0.8861359243361766,0.8546760559041836,0.8765026113546047,0.893327426011982,0.8134055448025775,0.7346480935125578,0.727478541257592,0.7964883348570928,0.8171959211273281,0.812910188646087,0.8673887030476558,0.8878182946147756,0.8909554542481174,0.938739959222866,0.862435599776765,0.8010274065235473,0.7822378716302824,0.790715384173439,0.7898142751436426,0.7829152745463488,0.864687076726434,0.8130456525638766,0.8302380691656197,0.889296770428074,0.9127372752231663,0.8605893369420462,0.7917705721638558,0.7640903467216751,0.8113923332171907,0.7967856602406775,0.8120015842542121,0.8137052630381648,0.7626507361526564,0.7882043661927889,0.7883859012891031,0.7732317639836748
T002,defect,271.0,111.0,1,0,1,0.32719298245613954,0.33738191632928466,0.34058286211397043,0.3448275862068978,0.36208576998050324,0.35457063711911097,0.32706766917292773,0.32168421052631513,0.338222605694563,0.3374133006935937,0.33788670148654176,0.3510153336096254,0.35696095076400874,0.3696546052631601,0.35536515707873734,0.3336096145876393,0.3169947770188853,0.30911786508523625,0.3268698060941812,0.3210124548011257,0.30832678711704764,0.31851851851851287,0.3347843292441563,0.3301435406698542,0.3128450496871556,0.3380116959064306,0.34907120743033093,0.3472169632714787,0.34393274853801103,0.35399610136451953,0.36540120793787667,0.342312474098617,0.3619499568593637,0.33816825528388633,0.3446224256292965,0.3853211009174247,0.37973031752936726,0.367598684210527,0.36969439728353837,0.37441163885322526,0.37670949026107814,0.3524720893141938,0.3526315789473746,0.3777876895629003,0.41100478468899504,0.3868882733148569,0.3701326486949064,0.3714658547194512,0.38339382940109407,0.3757549611734223,0.3760683760683777,0.40898116851763094,0.41852226720647856,0.43823845327604954,0.4299999999999874,0.4343434343434295,0.4220363994097466,0.4077761972498807,0.42973939703626224,0.4278269932256422,0.4440789473684181,0.4189261031366284,0.44939271255062524,0.4700544464609735,0.44557416267943867,0.4854489164086872,0.46854942233634,0.4569961489088719,0.41471147748890513,0.4138157894736888,0.8751297210411849,0.9141999733717125,0.9551252187551856,0.9802517134843312,0.9245080335168268,0.8996841057035609,0.8869504808696702,0.8458440144350922,0.9082784700964764,0.9144567412618597,0.905859185080959,0.9218803719863821,0.9037785309647673,0.9438582786381238,0.8810674302314779,0.8658917569037701,0.8679978436453678,0.8449159982552793,0.8835688692235057,0.8273351802636769,0.8591929051392779,0.8318278314128755,0.8720300762806154,0.8557975097734567,0.7926307064529705,0.814844464207133,0.7809980164676387,0.7948231954249302,0.8151552890818332,0.886025297522601,0.9502963509564865,0.9643176463903953,1.0,0.9862347625472819,0.945374050463126,0.9267959895805209,0.8904062191646107,0.892376132742694,0.8535226552129117,0.8985579082566507,0.9018045047724488,0.9182209808847239,0.915360043343715,0.9581954549907998,0.9961009393418859,0.9576556678349123,0.9271918594758638,0.95321670829879,0.9659901831875068,0.9291119313874113,0.9183338284872955,0.9288566909673956,0.9274722124193163,0.826353323769611,0.824391305617149,0.826052973777933,0.8526945063229543,0.8203933916779842,0.8342197349186111,0.8749732237458965,0.7902267768179811,0.8649746087013835,0.8807317480566049,0.888859292894683,0.8101747228328735,0.7614730673858963,0.8149641243391956,0.6375452458529528,0.5649794704968154,0.61513257307622
T002,defect,272.0,111.0,1,0,1,0.33815789473683966,0.34772829509671527,0.35232709873859014,0.3543557168784043,0.3737816764132519,0.3674976915974104,0.34168755221386266,0.33557894736842053,0.35547886108714155,0.3557731538147687,0.3515468059461629,0.36303356817240995,0.36672325976231046,0.3819901315789498,0.3635250917992589,0.3381682552838673,0.32462836480514345,0.31912527798367946,0.33795013850415195,0.3298513459220565,0.31853888452474544,0.3302144249512593,0.34151167392163867,0.3353269537480027,0.3220463746779531,0.3500974658869361,0.3649380804953455,0.3604695191215347,0.35635964912280504,0.36725146198829983,0.3757549611734248,0.35142975549107286,0.36626402070750713,0.34521342726896664,0.35331807780320806,0.3964268469338382,0.39147455415398463,0.3787006578947355,0.3845500848896501,0.38938810440735366,0.3899709904682882,0.3680223285486436,0.3655870445344188,0.39206066012489815,0.425837320574161,0.3998153277931562,0.3821138211382083,0.38103523270988054,0.39745916515426866,0.38955996548748556,0.39046333783175974,0.42394978271367023,0.43016194331983815,0.4505907626208393,0.4394736842105106,0.44072301967038024,0.42941465814068347,0.41868183973446954,0.4409810935104554,0.4346013548723314,0.4468201754385925,0.4274322169058981,0.46385193753616455,0.48759830611009525,0.4671052631579053,0.5077399380805149,0.49679075738126954,0.48523748395380145,0.43944197844007876,0.4342105263157921,0.9740887043895464,0.9774221761725248,0.9962110191876883,1.0,0.9705181290053926,0.9402141827946866,0.908595682961625,0.8672232393574524,0.8750554068627651,0.8823386451186189,0.8928464722956924,0.9210578407319601,0.9182725563003942,0.9291332461109804,0.9029279985889588,0.8850845400766882,0.865833110813571,0.8315878880750606,0.845324898768051,0.821848907991904,0.8373833331741195,0.8135986738868086,0.8521150383397473,0.8576928541496529,0.7889784206641768,0.8052253002641153,0.7576784453250855,0.7655126687053229,0.7820866576095196,0.8099646344679622,0.8814529315746491,0.8782733368714782,0.9361206146281472,0.9072276690192902,0.8786690236605592,0.877486726599384,0.8284801287960526,0.82476631386473,0.7869937069952583,0.8348954842318403,0.8367489375130746,0.8141960849982134,0.8426526754688372,0.872982403756455,0.8600562372773793,0.8479964947614574,0.8114417181319371,0.8352908886160785,0.8132217673171254,0.8074631618576533,0.8093508370618402,0.8140080584413665,0.8434570425668436,0.7597648757190658,0.7838316602789581,0.7695621817913249,0.7914517058226963,0.7332916728301299,0.7333959550739761,0.7844139210269451,0.7343719087946136,0.780099058358862,0.7816403758968419,0.7600039448687975,0.7000313945056309,0.6528985169998739,0.6410941934810988,0.4904364968446981,0.44124898669485935,0.5176401105212816
T002,defect,273.0,111.0,1,0,1,0.34736842105262916,0.3585245164192524,0.3666811657242366,0.37023593466425003,0.3884015594541875,0.37165281625115,0.34461152882205054,0.3347368421052635,0.3563416738567721,0.35862913096695226,0.35476094817195564,0.3717364276833923,0.3730899830220729,0.39473684210526433,0.37698898408812065,0.34811438043927534,0.33507432703897394,0.3239436619718194,0.3430945785516376,0.33105664925672906,0.32128829536528036,0.33450292397659964,0.34111594776414106,0.3377192982456104,0.3235185866764816,0.3536062378167606,0.3660990712074198,0.3589549413100989,0.3578216374268993,0.3738791423001921,0.38654012079378797,0.36054703688353096,0.37532355478861174,0.352673021135523,0.36567505720824284,0.4046354418155395,0.3962592431491993,0.38445723684210326,0.39261460101868106,0.4017971758664885,0.3982594280977942,0.38118022328548573,0.3813765182186297,0.40633363068689604,0.4339712918660263,0.4053554939981424,0.3846812152332019,0.3788603740756901,0.39337568058076583,0.39257981018118554,0.39361223571750054,0.42684693384838784,0.43674089068825755,0.4581095596133197,0.44842105263156506,0.4423179160021187,0.4353172651254351,0.42247510668563304,0.4481349003576722,0.44241792600312885,0.4517543859649082,0.44072301967038324,0.47310584152691204,0.4978826376285486,0.47488038277512834,0.5108359133127119,0.5025673940950054,0.4762516046213247,0.43246670894103084,0.4289473684210564,1.0,0.9704871227459615,0.9836917672646178,0.9778271832709028,0.9820253414886235,0.9604878502591475,0.9263466649157782,0.8955007250006964,0.8672433879219156,0.8853467721022911,0.8987552663188265,0.9223097295092508,0.9359367287773891,0.9038034025512592,0.8961030859591919,0.8776862001223591,0.8505389738873611,0.8423291477810682,0.8385333265242407,0.8567183852100414,0.860729518945877,0.8461340837058662,0.88232778818203,0.8911444331377744,0.8377445629051393,0.8525951631508991,0.8236377110675451,0.8280268414927178,0.8204313944308347,0.7829912168932271,0.828094958170501,0.816505864436802,0.8814753358555227,0.8545929321647681,0.8233204144353645,0.8702407161588974,0.8332613081150855,0.8160591803029019,0.7886445352220152,0.819502523058982,0.8247496561209431,0.7610751902015437,0.7880954924937121,0.8189732381111898,0.7854883595539847,0.8049444072897338,0.7750214982556829,0.8120822122029525,0.7914007526516292,0.7751979508339345,0.7934218438746988,0.7943514421113256,0.813987656207291,0.7371074539625644,0.7578559120619655,0.7659023419438009,0.7565943871677705,0.703731685384166,0.6756530942996143,0.7180521216465632,0.6959617753824869,0.6934919675482623,0.7253066473450557,0.6958452364927379,0.6842380802390751,0.6689408679027858,0.62859032291636,0.6358347576113395,0.5779891480651762,0.6180333283828451
T002,defect,274.0,111.0,1,0,1,0.3469298245614003,0.3567251461988288,0.3701609395389379,0.37023593466424765,0.38645224171539516,0.3711911357340669,0.3475355054302385,0.3435789473684192,0.3628127696289896,0.36760505915952524,0.3631980715146637,0.37546622461666823,0.3773344651952464,0.3943256578947373,0.3790289677682505,0.3535018648984555,0.3406990759341118,0.3287620459599594,0.3490304709141226,0.33708316593008975,0.3240377062058131,0.3302144249512571,0.336367233874153,0.33293460925039287,0.3161575266838411,0.3489278752436591,0.3599071207430229,0.3559257856872295,0.3556286549707569,0.37037037037036535,0.38438308886971395,0.3564028180687768,0.37575496117342694,0.3510153336096209,0.36201372997711984,0.4002897151134607,0.3932144410613341,0.3828124999999972,0.3917657045840445,0.4065040650406426,0.4082055532532022,0.38915470494417714,0.3906882591093176,0.4192685102587065,0.44449760765549845,0.41274238227145554,0.38981600342318673,0.38494997825141813,0.3997277676951028,0.39861949956858783,0.40080971659919273,0.43795267986480463,0.450404858299591,0.47636949516648674,0.46894736842103835,0.4593301435406612,0.4510575504181054,0.4366998577524894,0.45631067961163313,0.44710786868160735,0.4473684210526285,0.4364699627857455,0.4719491035280667,0.49304295220810207,0.47667464114833086,0.5126934984520308,0.5134788189987274,0.4878048780487929,0.43500317057704996,0.4315789473684225,0.975358411587897,0.9293631188859174,0.9537245767656836,0.9435036834973565,0.9911948895927714,0.9727568134457986,0.9313110724407039,0.8950455736722188,0.8383732087643817,0.8831100047317273,0.9124108738800607,0.9670453094286862,0.996706736791364,0.9539449726134327,0.9731517702497682,0.936818153229729,0.8946086414836943,0.8945411387846222,0.8670274644495578,0.9157629320592868,0.9262379783447379,0.9515496576305825,0.9703694628385656,1.0,0.9732385868730925,0.9880539672150281,0.9738957596624611,0.9497045641338517,0.9303989868583047,0.8591709020124275,0.8923874857884572,0.8696195828990753,0.9238984635538932,0.9045964429608303,0.9090079081957272,0.9799339156121876,0.9307940409153173,0.8949974296810885,0.8792135433782657,0.8808796694016057,0.8560882624110846,0.7657627513684323,0.8048063178388271,0.8207712150885649,0.7277249680436136,0.7993094566620842,0.7669930758069831,0.7870326496671971,0.7530167363496895,0.7710884414779005,0.8136976354980556,0.7906912219799047,0.8097905447968673,0.716773082342123,0.7255585230481952,0.7235338935560477,0.70853830370121,0.6429331505265848,0.6521616305736435,0.714164476081919,0.7628880686157695,0.76772339640561,0.788367885041272,0.7784544472974587,0.7797200296232389,0.7574414410769172,0.6439412807102789,0.6932989960152849,0.6949941096336505,0.7174365787125454
T002,defect,275.0,111.0,1,0,1,0.33552631578946884,0.3454790823211851,0.3614615050021833,0.36751361161524576,0.3796296296296234,0.3707294552169839,0.34628237259815825,0.3418947368421026,0.35979292493528964,0.36556507547939326,0.359582161510646,0.37132200580191393,0.3709677419354838,0.3865131578947386,0.37290901672785876,0.34438458350599965,0.33145841703495393,0.3191252779836814,0.34072022160664345,0.3286460425873817,0.316967792615868,0.32358674463936693,0.33240997229916225,0.3285486443381129,0.31100478468899245,0.3423001949317667,0.3517801857585029,0.3487315410829124,0.3494152046783599,0.3668615984405408,0.3805004314063834,0.3576460837132029,0.38006902502157053,0.3547451305428991,0.35972540045766727,0.38918396909704195,0.3823401478903914,0.3700657894736805,0.37521222410866206,0.3906718014548504,0.39743058433484196,0.3795853269537465,0.3821862348178194,0.4139161462979569,0.4334928229665039,0.4035087719298103,0.37526743688488895,0.37451065680731166,0.3847549909255925,0.3839516824848963,0.3949617633828177,0.4321583775953693,0.4463562753036404,0.4672395273899032,0.4647368421052498,0.44710260499733406,0.4333497294638504,0.4182076813655762,0.43638221768010566,0.4299114121938531,0.4309210526315759,0.4205209994683611,0.45228455754773245,0.4767090139140912,0.4629186602870873,0.49411764705884115,0.48780487804878925,0.46854942233634,0.42105263157895073,0.4164473684210548,0.6937631525812454,0.6487263300747448,0.6864728117995275,0.6579338973893052,0.769696953331285,0.7527009181534847,0.7203154490994372,0.7013744620017547,0.6219864598154251,0.6991954738565028,0.7547612183540294,0.8392192583166791,0.8935377579305444,0.8435387584786729,0.8931226912911845,0.8649391029124259,0.8201299787831474,0.8350552269921756,0.7847873389766666,0.8719886719198039,0.8741859496238421,0.9238464646963297,0.9011555053024755,0.9514023533449695,0.958547402519845,0.9916242019983891,1.0,0.950341079350147,0.9241360687407034,0.7971777562051474,0.8131492578483502,0.741650488505264,0.7771765637342294,0.7631184350444897,0.8389604790957552,0.9726899952768615,0.9358344159110914,0.9029080313698576,0.9279280143289402,0.904689860008056,0.8290704276442586,0.7281710534645829,0.7822830220917416,0.7627989766884713,0.6534108364793922,0.7397180623997163,0.7587078029242323,0.7223501681791339,0.7051465854709882,0.7653439378158591,0.7656269738519174,0.7429851473830248,0.7529899033195384,0.7323873882718441,0.7209496882829142,0.7376553264869646,0.7639786299555156,0.694490183388995,0.7182678797753039,0.7452447946223585,0.8147566036905353,0.8215828279911562,0.8655990838708225,0.8504457794683504,0.8915472653905232,0.9035988899934068,0.8159265832377888,0.8712218553275537,0.8361237746880344,0.8316393218207417
T002,defect,270.0,112.0,1,0,1,0.33976029181865974,0.33918128654970764,0.35018238665972207,0.3456321215409603,0.32518796992480586,0.30686886708295774,0.3181390977443548,0.32581453634085394,0.34601354872330053,0.38238453276048073,0.37519541427827674,0.3627450980392167,0.36941410129095964,0.3592467407049675,0.38528359734286866,0.3955033214103233,0.40857297883884214,0.4200306591721978,0.4062961141170762,0.4399999999999882,0.42258559018905933,0.44398124022929697,0.4374041900868581,0.40776699029125213,0.4194893173527992,0.3939551849921905,0.40100250626566875,0.37037037037037396,0.3636794689426286,0.4026315789473611,0.4326869806094276,0.40826364977865837,0.38133068520356844,0.37121564974383625,0.38277511961723815,0.3786679087098338,0.35926773455376665,0.3702204228520026,0.40587956377429635,0.41276803118909006,0.43740419008686365,0.4596143824908861,0.48236570808463364,0.4519804666304843,0.438775510204085,0.4385964912280673,0.3876045253320301,0.38528359734286594,0.3934340802501392,0.4329896907216443,0.4231166150670832,0.42945128779394676,0.4542606516290784,0.4790823211875904,0.4779516358463767,0.4816586921850094,0.4564144736842021,0.4274537695590484,0.48803827751196177,0.546491228070169,0.5298245614035103,0.5478861087143816,0.5438596491228116,0.5145190562613803,0.49598572702941396,0.48729582577130476,0.4659188955996457,0.4843889384478294,0.42516447368419097,0.3926031294452367,0.6543384822768089,0.6188890757468916,0.5537215750075485,0.5316336376053944,0.6009482767474909,0.6525920647118535,0.6697889321428059,0.6678967181411681,0.6902924508860412,0.6516390322313382,0.6107136359153672,0.6670026511688665,0.6559410466077765,0.6375736827617532,0.7294249213857982,0.6636278644766641,0.6102355283231623,0.5025229650579534,0.6581471674934928,0.7045480734798631,0.6619151095869095,0.7036060838707543,0.6634443751262975,0.6906287603137939,0.6838316762155265,0.6814790306170497,0.6681328148527218,0.803938462122155,0.8974509922597743,0.9351084817130428,0.8706524042024241,0.8230693912849172,0.7890846290697289,0.7287494675675306,0.8480221618807414,0.8435337916025382,0.7520640664576717,0.8103640746040832,0.8706787923665515,0.8389014486585468,0.691964549113033,0.6848614430438991,0.8130492695893002,0.9603248889534347,0.8653853028751745,0.9324843707910003,0.9568340821639808,0.8800424707795313,1.0,0.8387513865984649,0.8676954654653058,0.7963916022376979,0.7342233009911936,0.6425009012695284,0.5342383972436497,0.5086917906577643,0.5961489074600776,0.6016572895600651,0.41605462813914873,0.6390098968298183,0.5571745061009343,0.665932966236102,0.5201029253645947,0.4618503770741126,0.6363260768963092,0.6634272328069366,0.6869583969173757,0.5913874656250755,0.5091056972858163,0.4409502568940747
T002,defect,271.0,112.0,1,0,1,0.3522668056279356,0.3533138401559472,0.363210005211052,0.3608247422680364,0.34022556390976977,0.32158786797501815,0.3298872180451074,0.3368421052631606,0.36164669098489544,0.3979591836734797,0.38926524231371207,0.37977296181630643,0.38629592850049355,0.37035248672138615,0.4001021972406731,0.4082779764946367,0.42485078676071114,0.4307613694430203,0.41760944417118545,0.45473684210525206,0.4333163004598818,0.45648775403857283,0.4460909555441924,0.4220746039856832,0.4330380406461834,0.40489838457530686,0.4070175438596538,0.37426900584795847,0.3684210526315841,0.4052631578947314,0.4315789473684314,0.40629611411707617,0.38282025819264764,0.3758733115975841,0.38660287081340966,0.38518863530508224,0.3688787185354599,0.38551506972559774,0.42105263157894485,0.42592592592593215,0.45324476239141215,0.47628973423658927,0.5040694519804562,0.47151383613672376,0.45166487647691306,0.4566719829877705,0.40531234628628515,0.39856923863055277,0.40646169880146926,0.4481823114487205,0.44220846233230593,0.4462486002239576,0.4768170426065219,0.503373819163299,0.501422475106694,0.5031897926634783,0.4827302631578841,0.45021337126602173,0.5103668261563014,0.5728070175438533,0.55789473684211,0.5737704918032506,0.5714285714285761,0.5535390199637437,0.531668153434409,0.5254083484573289,0.5030198446936928,0.5245316681534506,0.4547697368420849,0.4146514935988658,0.882143650344175,0.8511335192312305,0.8222675346559528,0.7998297605086353,0.8355118467029632,0.8353915692752869,0.84400755864767,0.8375213035671881,0.8392616272209673,0.8108268091356734,0.7730066596454591,0.8019551333753836,0.7961655841571186,0.8016805355403436,0.8372739105819155,0.8005660423714108,0.7590258827032531,0.722797291494695,0.8275361032064271,0.8550673104234305,0.826100044601004,0.836108718747362,0.8164497258854239,0.7971943603243786,0.7873071870059097,0.788191255905707,0.8174433760357165,0.9073172127614936,0.9679614637226888,1.0,0.9772850108666999,0.9499913575538733,0.9095658261336997,0.8596246754877506,0.9279972181476476,0.9128745033231311,0.8436843218632457,0.8444321872547067,0.8825840660018079,0.8654241074912101,0.7658557215896246,0.729430289081231,0.7853034152558607,0.8838787450625785,0.8493302661926322,0.8760155766697258,0.8589415808007824,0.8507956430053395,0.9276739546367113,0.8343775117706839,0.8121081685236093,0.7815996583432586,0.7003558498112057,0.6373586164748072,0.5740896014353529,0.5554749468791083,0.5939007295038916,0.6146305958066962,0.4997441078053142,0.6186737796097412,0.5529048725889296,0.6360132049400304,0.4522687932864782,0.3345220134903186,0.4588837088251386,0.5014001016900929,0.5094167905431937,0.42066932848835625,0.44951873807407994,0.3751425378751404
T002,defect,272.0,112.0,1,0,1,0.34966128191767076,0.35087719298245884,0.3590411672746277,0.355398806294083,0.33364661654134964,0.3126672613737702,0.31813909774435745,0.3288220551378491,0.35956227201668467,0.3925886143931378,0.3835330901511282,0.3746130030959753,0.38381330685203374,0.3626267503621413,0.3883495145631064,0.4001021972406786,0.41942485078675784,0.4256515074092944,0.41269060501722743,0.4515789473684128,0.4271844660194118,0.44919228764982944,0.43536024527336986,0.41032192130811657,0.4210526315789615,0.39760291818656357,0.402506265664165,0.3650097465886983,0.3674727358937946,0.4026315789473639,0.42160664819945615,0.3935071323167817,0.3753723932472653,0.37168141592920945,0.37703349282297965,0.3805309734513344,0.36704805491990095,0.3814664867296462,0.4158368895210983,0.4205653021442566,0.44864588656105964,0.4653465346534728,0.49376017362994284,0.4644601193705836,0.4468313641246036,0.4545454545454546,0.40531234628628515,0.3975472662238087,0.4048983845753097,0.44438415626695366,0.43188854489164646,0.43561030235161935,0.4686716791979995,0.4993252361673474,0.4992887624466693,0.5,0.48684210526315014,0.45163584637271,0.5127591706539089,0.5771929824561371,0.5561403508771994,0.5823986194995419,0.5655806182122047,0.5426497277677407,0.5147190008920405,0.5063520871143168,0.4892148403796325,0.5031222123104575,0.44654605263156183,0.4075391180654401,0.9398358780802943,0.9315306477267422,0.9207581444582027,0.9147085536310903,0.9352310295694152,0.9100877040999424,0.9121393238047508,0.9013072387525646,0.8931823804522174,0.8854261309405433,0.8592081879327279,0.8775145306245993,0.877504076026911,0.8934901855086657,0.9150054464043126,0.8840612034429088,0.8669000145249532,0.856477779222791,0.9205667680576085,0.9391929790331921,0.9212549195687462,0.9169513897495114,0.9110770378536445,0.9071405316780669,0.8893849160259578,0.8615898899056176,0.88591750614354,0.9553645137330027,0.9580843144123738,0.9800471314771966,1.0,0.9943586203889806,0.9468953214019697,0.9130608741396674,0.9606942684740402,0.9329965751034754,0.8889554974356976,0.8937534045415562,0.9233170869469166,0.8967032453024014,0.84386736815978,0.8292772737249886,0.8618263085211644,0.8802957444201049,0.8429946910186176,0.8673292203137044,0.8269288215054927,0.8313558587110803,0.8668592579785166,0.8429033794859856,0.8474192811941303,0.8283477384038685,0.7619116230767369,0.7272023398820238,0.6801183882133888,0.6809964875616158,0.6792480742973411,0.7049442434745556,0.6254058559474854,0.6711768966781716,0.6956148998076509,0.6478023386440533,0.587828423550582,0.5546894962419038,0.6440161968787484,0.6947177810697425,0.6565387072098008,0.639951300658163,0.6072120902550194,0.5292093337827104
T002,defect,273.0,112.0,1,0,1,0.34966128191767076,0.35087719298245873,0.3590411672746277,0.355398806294083,0.3336466165413497,0.3126672613737702,0.3181390977443575,0.32882205513784923,0.35956227201668467,0.39258861439313786,0.3835330901511282,0.3746130030959752,0.38381330685203374,0.3626267503621414,0.3883495145631064,0.39908022483393174,0.41779706999457106,0.4215636177823124,0.41170683718643636,0.45263157894735917,0.42871742462952933,0.4523189161021484,0.43791517629023435,0.41338783852835154,0.4215737363210157,0.39760291818656346,0.402506265664165,0.3650097465886983,0.3674727358937946,0.4026315789473639,0.42160664819945604,0.3964584358091576,0.3733862959284958,0.3693525850023331,0.3751196172248927,0.3786679087098338,0.3643020594965601,0.3792172739541161,0.4148885727833062,0.4176413255360694,0.4476239141543128,0.46065659197499437,0.49430276722733935,0.46771568095495697,0.4430719656283619,0.4476342371079232,0.3999016232169303,0.3944813490035738,0.39708181344451227,0.43407487791643734,0.42260061919505193,0.42721164613661394,0.46052631578947706,0.48987854251012514,0.49217638691323984,0.4952153110047847,0.48684210526315014,0.45021337126602173,0.507177033492823,0.5719298245614004,0.5500000000000048,0.5746333045728812,0.5580618212197235,0.5317604355717327,0.5129348795717875,0.5045372050816457,0.48317515099222813,0.4950936663693333,0.4366776315789305,0.4004267425320142,0.9483762127722015,0.9581736884971984,0.9536528710870094,0.9573588533264743,0.9674865722392235,0.9158588638766534,0.9024275020706463,0.8995447745286856,0.9067284754086965,0.9110248570455813,0.8984438157243685,0.9099577682779946,0.9272950166742956,0.9389926366575427,0.9382674348015267,0.9273470859919084,0.9377723605450595,0.9515261112431781,0.9818777357582922,1.0,0.9802039169756298,0.9593512220116164,0.9494630133747247,0.9466652276179464,0.925148371296968,0.8949447076576448,0.9288815732053943,0.9646524465162297,0.9597294541801855,0.9683771900300001,0.9947712486406147,0.9879676399626115,0.9640328952676162,0.9540121915729024,0.9640697700799444,0.9441045802714843,0.9337864768445641,0.9296970949299176,0.9431537327258772,0.9104662456546326,0.8894169237344242,0.8688409201802051,0.8779511550449587,0.8469558330522473,0.8376441914755146,0.8757032696633408,0.8295033024954704,0.8350509813252914,0.8513931221636816,0.8657268666816315,0.8607135119642391,0.8448471768006465,0.7965955937072229,0.7984064710901583,0.7630878080285336,0.7642843787597987,0.748873028567895,0.7770754146735304,0.740892093245096,0.7370735224840635,0.7980674693032063,0.7241262763975665,0.6630470050050649,0.6797836339903537,0.6797650317980983,0.7405483409052066,0.707492738600595,0.7139670320895346,0.7168333205572944,0.6209579833438739
T002,defect,274.0,112.0,1,0,1,0.34809796769151125,0.3479532163742716,0.35226680562793566,0.34943027672272997,0.3294172932330791,0.3064228367528945,0.31062030075187547,0.32080200501253237,0.350703491401779,0.37916219119227734,0.3715476810839035,0.3642930856553128,0.374379344587882,0.3524867213906302,0.3791517629024015,0.3914154317833442,0.41020075963103164,0.4118548799182313,0.4013772749631182,0.44315789473683015,0.41696474195196,0.43564356435644536,0.42565150740929153,0.40572304547776405,0.41375716519021544,0.3887441375716579,0.39448621553885077,0.3625730994152074,0.36225699383594556,0.3957894736842024,0.4155124653739692,0.39399901623217587,0.3723932472691097,0.36748952026082987,0.37799043062201926,0.3782021425244554,0.3629290617848896,0.37291947818263443,0.41156946420103874,0.4098440545809002,0.4338272866632553,0.4403335070349211,0.4736842105263068,0.45306565382527736,0.4242749731471566,0.4359383306751737,0.3930152484013849,0.389371486969845,0.39187076602397974,0.4243081931633147,0.4127966976264237,0.40873460246359883,0.4373433583959888,0.4635627530364373,0.46586059743955366,0.4696969696969668,0.4621710526315718,0.43314366998578974,0.4832535885167464,0.545614035087716,0.5254385964912265,0.5556514236410376,0.5329991645781149,0.5063520871143793,0.4915254237287866,0.4936479128856337,0.4633304572907589,0.4692239072257074,0.41447368421051006,0.37695590327170075,0.8569202937177537,0.8772336049999967,0.8809162499433539,0.8916535853859702,0.891658681366001,0.8259220920093584,0.803679852123978,0.8118466962350356,0.8375355465559857,0.8647245083902492,0.869097021161536,0.8733960599173631,0.9045354970140987,0.9192562228778861,0.896876402604037,0.9030893627315582,0.9379896751561767,0.9762472040965644,0.9904849829388054,1.0,0.9945524103975228,0.986869934772621,0.9631584246677615,0.9414124790418356,0.9136017730221653,0.8851966483570078,0.9203992610933868,0.9082555066432981,0.9039793073846222,0.9046128861561846,0.9312458712732123,0.9276935149181533,0.9130475233934768,0.928066942482488,0.8884737221610723,0.8869893509569712,0.9098189246887256,0.9102317146766024,0.9007206200487011,0.8805599211749578,0.9125401052850827,0.902677741002352,0.9010775572162254,0.8202333875901304,0.835992010580616,0.8411080347324936,0.7847380566593838,0.7966367189020609,0.7836566750185133,0.8549713789320434,0.8489823130021291,0.8780293605049079,0.8619627009228242,0.8872083297871792,0.8674431401215827,0.8702048699744813,0.8523383079730161,0.8629431300078511,0.8599652742674302,0.8267294740417052,0.9112289907964021,0.796672051386047,0.7634404001106361,0.7958709420080876,0.7472855618200444,0.768142198578582,0.7534785224578173,0.8063918014863511,0.8235276606352153,0.7538426767373979
T002,defect,275.0,112.0,1,0,1,0.34601354872329765,0.349902534113064,0.35018238665972207,0.3434617471513801,0.322838345864659,0.30374665477251983,0.30639097744360494,0.31378446115288133,0.34914017717561946,0.3770139634801417,0.3710265763418495,0.36119711042311475,0.3758689175769585,0.3539352969579889,0.3791517629024015,0.3914154317833443,0.41508410200759144,0.41951967296881876,0.40285292670930617,0.44526315789472587,0.4205416453755656,0.43929129755081564,0.42616249361266484,0.4067450178845109,0.4174048983845856,0.3929129755080822,0.3979949874686762,0.3654970760233945,0.36936936936937365,0.4052631578947285,0.42493074792244484,0.40285292670930345,0.37835153922541553,0.37494177922682986,0.3822966507177132,0.3791336748952045,0.36430205949656,0.37516869095816463,0.4115694642010388,0.4098440545809002,0.4338272866632553,0.4403335070349211,0.4736842105263069,0.45306565382527736,0.4226638023630534,0.43115364167995834,0.39006394490900903,0.38528359734286594,0.3877019280875554,0.4177970699945681,0.4086687306501604,0.40257558790592624,0.4298245614035075,0.4588394062078261,0.46586059743955366,0.4696969696969669,0.4621710526315718,0.43314366998578974,0.4832535885167464,0.541228070175437,0.5245614035087688,0.5392579810180905,0.5137844611528822,0.4981851179673733,0.48260481712754144,0.48275862068962677,0.448662640207068,0.4603033006244567,0.4103618421052485,0.3662873399715582,0.7819004414988818,0.8041836493100492,0.8191885614581601,0.8276023024522985,0.8112999885850707,0.72072187841406,0.6947222046908879,0.7252692901350825,0.7601612924533986,0.805834912815297,0.8286504100241148,0.8355767840977186,0.8760098941891173,0.8909459379386198,0.8535174900816144,0.8852158528150115,0.9424775958059828,0.9937226021417943,0.991799953175135,1.0,0.992418089504841,0.9739586875308895,0.952766652626539,0.9315210899579589,0.8910256504693239,0.8583935639364888,0.9047644100378783,0.8533865044726102,0.8287359828726267,0.8106440647695997,0.8428609258668917,0.8465325995259004,0.8572691814290249,0.8943017900818797,0.8231044855741508,0.8415806958317863,0.8985100882126638,0.8844790173696861,0.8622061083677085,0.8368397165739445,0.9072197086493532,0.884699085796766,0.8673159174889616,0.7446006272316363,0.7751696823871616,0.7921181786031044,0.7312630064413024,0.7641849244401048,0.7251272263322877,0.8502428077295506,0.8214491978002145,0.8602554168127435,0.8671613211481107,0.9055139504066642,0.8869996837406392,0.892642570458315,0.8715160404556228,0.8807661712397196,0.9027146991065047,0.8355222631123983,0.9478817158151218,0.8601668699193364,0.8851962069076386,0.8874183540028086,0.7983054025546863,0.8229627546518408,0.8186959357471764,0.8633407008564198,0.8770337501815462,0.8322834463266214
T002,defect,270.0,113.0,1,0,1,0.3574736842105136,0.3406772745818019,0.3518441773725602,0.3545491636066882,0.3609022556390977,0.3638262322472856,0.3631980715146703,0.35945419103313486,0.3460246360582307,0.3301435406698547,0.3479742521771997,0.34137426900584855,0.34797425217720585,0.3635998392928908,0.3632766125840868,0.36766917293233353,0.3606375092661212,0.3757203227045745,0.36880522474068667,0.3543619322278356,0.35499092558983625,0.3628219484882399,0.36991414706980086,0.3751399776035814,0.38253241800152626,0.39156401642404015,0.4050343249427897,0.4120188531028946,0.40683826354207225,0.39344865660655504,0.4099332839140044,0.3990912533131365,0.3848450914520378,0.3868237026131799,0.3868237026131819,0.40083905415713056,0.39511823035850346,0.4100549882168163,0.41208576998050966,0.421874999999988,0.4408421052631474,0.4150620453572942,0.4295272078501272,0.42729705619981095,0.41790373369320644,0.4070175438596451,0.3970054446460872,0.4205989110707672,0.40789473684209687,0.42922841083289714,0.42949354518371297,0.4441102756892239,0.45413533834587005,0.47153598281418896,0.4839934888768261,0.45794392523363553,0.44855381697486524,0.4544033350703289,0.47597254004577705,0.46703601108033527,0.45872576177286506,0.4666666666666635,0.460980036297644,0.4690572585309439,0.44790547798064917,0.4049707602339208,0.42056074766353985,0.43137254901960687,0.4189261031366314,0.4249307479224173,0.7395234254469734,0.72279126597031,0.8223105233125769,0.7861587626525407,0.8022155398791805,0.8151220954131506,0.7747217538376078,0.7668761974845053,0.7575635576184807,0.7654331406118584,0.8041892729219081,0.8469654009029178,0.8488173423405294,0.8507620553315561,0.862308209088276,0.9295721096634724,0.8882061509454694,0.8677076070260903,0.8611732821625914,0.8523156273736302,0.812900841926471,0.7901124096079175,0.8566423434047485,0.9179836670658099,0.9054699899832287,0.9507076697438367,0.9055212116724474,0.8734825461892294,0.838473669227485,0.8121728816961132,0.8469540652732562,0.8133552192515997,0.83348105145126,0.8440012605503907,0.8262973803430785,0.8437555421212702,0.8740170537110473,0.9012528121801363,0.9143831036567632,0.9216545392835611,0.9237754816136119,0.8340346754517441,0.819012672926253,0.8206058286891951,0.8606969779459815,0.8454128470283312,0.8448647182599728,0.9275994684064075,0.8996700395419516,0.8911205387916524,0.8322580167653284,0.8763541685493025,0.9368228781770171,0.8780102187465642,0.9132274644714341,0.8082909672508627,0.8911053089090003,0.9079746929697154,0.9622375416650275,0.9678552176550914,0.9474883867940475,0.9829263876943211,1.0,0.946927469157196,0.8189539082793358,0.8570554000119425,0.8022765696303246,0.908721180220948,0.9161959309190435,0.9547303840778082
T002,defect,271.0,113.0,1,0,1,0.35873684210525036,0.3472052223582181,0.3580605055946902,0.3614851081191313,0.3684210526315789,0.3700918964076867,0.37484933708317114,0.36725146198829983,0.3568495707353484,0.3408170776591806,0.3559257856872337,0.3523391812865504,0.3555471412343804,0.37083165930092626,0.3707954095765664,0.3740601503759419,0.3673091178650833,0.3791778716865184,0.3741836342681543,0.36121124729632753,0.35789473684210416,0.3643150429264617,0.37028742067935533,0.3788727136991381,0.38443935926773454,0.393803658081375,0.40694126620899795,0.4163393558523046,0.4141375336150636,0.39712918660287316,0.41512231282430767,0.4024990533888653,0.39007092198581833,0.3901361796098674,0.38903202061097364,0.40617848970251513,0.40045766590388804,0.41791044776119896,0.42066276803119046,0.4305098684210404,0.4492631578947253,0.421052631578945,0.43666369313112463,0.4362176628010588,0.4264507422402134,0.4144736842105239,0.4051724137930924,0.42967332123410545,0.41729323308269745,0.43893714869697287,0.43793445878847853,0.4556390977443609,0.4676691729323363,0.4903329752953914,0.5008138903960858,0.47319232661090815,0.467520151730672,0.47524752475245247,0.5011441647597354,0.48476454293629034,0.4764542936288231,0.48187134502923873,0.47489413188142665,0.4829381145170628,0.45703544575723226,0.41666666666666935,0.4303984259714579,0.4406604747162013,0.4311536416799584,0.4382271468143836,0.9100496327446522,0.9003045422779302,0.9531623163320482,0.932590523796378,0.9294685168385171,0.9418195058122685,0.9042125491026297,0.9062533388772168,0.8880950150176516,0.888580493097735,0.9227030637842407,0.9392014662179526,0.9540139864085666,0.9547854822549445,0.9582167702308347,0.9974172903139639,0.9731282255541167,0.9634103494488547,0.9560395994024243,0.9401986552867168,0.9248299956867401,0.905887936622479,0.9483348528504563,0.9794075338724448,0.9760980968112051,1.0,0.9735630915934808,0.9538481042210509,0.925413030455792,0.9130859922183296,0.927599144223496,0.91050786350821,0.9145296687792477,0.9300122829188601,0.9098515023416295,0.9097680999279119,0.927054325244737,0.9392551534141466,0.9480107876887884,0.9511635838748921,0.9744488050802151,0.9225688936257808,0.9172856851757636,0.8994938598772386,0.9332333219376092,0.9200795790965899,0.9025520821507887,0.9477200864011661,0.9261153430816511,0.9194628462327159,0.891231870920166,0.8965788164472118,0.936961737911643,0.8920094676260161,0.9270784557127201,0.8475321761116023,0.8716281434644658,0.8822964359954983,0.9033861743907025,0.9515412624569968,0.9127811822981673,0.9541328689281041,0.983802069305004,0.9587181922903513,0.8821308042065493,0.8868220387176791,0.8528910990229299,0.9400961327884954,0.9213590546164673,0.9387512518595028
T002,defect,272.0,113.0,1,0,1,0.3637894736841976,0.3512851897184801,0.35971819312059233,0.36515707874336634,0.3713450292397668,0.3705096073517118,0.3768581759742914,0.3727095516569172,0.3594624860022376,0.3415531836584458,0.3555471412343742,0.35416666666666663,0.35668307459295673,0.374447569304944,0.3779184804115485,0.38157894736842257,0.37249814677538645,0.3826354206684624,0.3810987322320422,0.36517664023071766,0.3568058076225034,0.3605823068309051,0.36580813736468565,0.3788727136991381,0.3852021357742174,0.3919372900335946,0.4042715484363047,0.4124116260801123,0.4106799846331196,0.39197644460802655,0.40808005930318236,0.39871260886027704,0.3870847331093705,0.39050423260950007,0.3894000736106062,0.4038901601830643,0.39816933638443724,0.41241162608012916,0.41871345029239765,0.42434210526314575,0.4412631578947248,0.4150620453572918,0.4308652988403121,0.42685102586974766,0.41925326135852115,0.40614035087718975,0.39609800362975167,0.42558983666060296,0.41635338345863815,0.43893714869697287,0.4379344587884784,0.4601503759398496,0.47619047619048077,0.4962406015037686,0.5078676071622288,0.4840137727496174,0.4770033191085779,0.48723293381967636,0.5125858123569885,0.49418282548476905,0.47867036011081554,0.47602339181286335,0.46460980036297306,0.46963562753036664,0.43984962406013106,0.4035087719298273,0.42006886374814295,0.43859649122807104,0.43540669856459324,0.4454293628808663,0.9887190785547187,0.9899303434497625,1.0,0.9969071762014245,0.9799115496131587,0.9885099479066132,0.9675181704240982,0.9711763777766642,0.9538962509712785,0.9489288985746752,0.9684978716386214,0.9727841928080586,0.9879965056256381,0.984870839166411,0.977528471576173,0.9873828333367338,0.9839799484590969,0.9799458696626444,0.9739044123579753,0.9639590708438239,0.965113541068172,0.9523408895664764,0.9726737705794976,0.9774771503963181,0.9739192489451195,0.9887718684444542,0.9794086637650701,0.9797101527107992,0.9623026357271074,0.9560377423465877,0.9635606567423334,0.9474673274145776,0.9441213880964759,0.9477867998883313,0.9257161408905688,0.9316830092512034,0.938754146696144,0.9533076125010019,0.9507415389991,0.9559772876331112,0.9872029793180721,0.9595761617207047,0.9659181001123799,0.9545084476464225,0.9736700728040254,0.9681823651832183,0.9469023919883788,0.9464234148471062,0.9273047694907806,0.9203536714110119,0.9161623337791592,0.8830201092438242,0.900644848109688,0.9079289786398288,0.9222640122719007,0.8579264499783273,0.8630396329846804,0.8739642734823339,0.8879025908442237,0.9141362518718815,0.903169549608622,0.9643727374854792,0.992932135886397,0.9951400710103272,0.961642677762565,0.9451559163941392,0.9272391872495266,0.9433086799497465,0.9005201411555139,0.8900284305313703
T002,defect,273.0,113.0,1,0,1,0.3701052631578816,0.35822113423092317,0.3655200994612463,0.37168502651978264,0.38095238095238093,0.38262322472848637,0.3885094415427922,0.37972709551656636,0.36767450541246394,0.34928229665071475,0.36046951912153874,0.35453216374268876,0.3612268080272618,0.38167938931297946,0.38425009893153117,0.38533834586466187,0.37879911045218323,0.39070303495966285,0.3891663465232447,0.3702235039653962,0.36188747731397264,0.3654348637551291,0.3665546845837966,0.38073908174691645,0.38443935926773243,0.39081746920492727,0.40236460717009426,0.4124116260801102,0.41221667306953774,0.3916083916083939,0.4073387694588539,0.39909125331313444,0.38671145949981406,0.3927125506072897,0.39124033860876534,0.40617848970251513,0.4035087719298218,0.41516103692066403,0.42339181286549704,0.42927631578946146,0.44884210526314333,0.4231921266581056,0.4384478144513726,0.43443354148080826,0.42600089968510685,0.40877192982455823,0.3970054446460848,0.42649727767693596,0.4187030075187876,0.4404701073070903,0.4409136047666314,0.46315789473684205,0.4827067669172959,0.5026852846401783,0.5176342919153486,0.4938514510575355,0.48553816974869174,0.4976550286607382,0.5240274599542417,0.5047091412742438,0.48476454293629945,0.4836257309941477,0.47549909255897704,0.48293811451706287,0.45059076262081715,0.4171539961013655,0.4294146581406642,0.44685242518059753,0.44869750132907826,0.45706371191133677,0.9915526550551679,1.0,0.9828394243421389,0.9991022746963627,0.967666659714701,0.973355412350788,0.9680809553577798,0.9808306525425696,0.9664909888398991,0.953971050575758,0.9662977537763264,0.9654845604132576,0.9812329198729367,0.9798605060235813,0.9659374025175593,0.9565599118713578,0.9629724566488782,0.9573890175647964,0.9656963563822432,0.9566343185366399,0.9662748030826184,0.9533974762298764,0.9580055608908639,0.9484126195064502,0.9515497101974941,0.9509536790595858,0.9574808548609581,0.969135117846721,0.9596564756315167,0.9585956411223656,0.9545643658683791,0.9451098093832958,0.9396565478447201,0.9372538608004929,0.9183811018932982,0.9168610181007112,0.9061891197935187,0.919590849036626,0.9128069888496051,0.9058040645756783,0.939642926259747,0.9337070088918317,0.9537660859124345,0.9372970224052574,0.9526732200852877,0.957944415921257,0.9314678147803996,0.9042529068030962,0.8949424574361413,0.8935736108805539,0.912423822557116,0.8573081522202209,0.8566007832864342,0.9006966521251618,0.8895047333662794,0.8371142323383571,0.8148868802724163,0.8239132009263541,0.8400122733940684,0.8598782282219405,0.8551150332651913,0.9069907404675845,0.9096356857909383,0.9210865020081478,0.9093653685969137,0.8675870047257517,0.8910047697904144,0.8888122730107341,0.8425674831480423,0.8304835151653328
T002,defect,274.0,113.0,1,0,1,0.3717894736841981,0.3598531211750284,0.3680066307501006,0.37209302325580956,0.3809523809523832,0.38554720133667425,0.38609883487344704,0.38089668615984124,0.36804777902202046,0.34928229665071475,0.36122680802725765,0.35453216374268876,0.3634986747444144,0.38007231820008414,0.3775227542540489,0.38195488721804527,0.3739807264640453,0.387245485977721,0.386477141759512,0.37130497476568464,0.366969147005442,0.37178051511757915,0.3736468831653575,0.3878312803284774,0.3951182303585035,0.3967898469578208,0.4065598779557533,0.4131971720345499,0.4083749519784903,0.38461538461538813,0.3965900667160822,0.38735327527451213,0.3796192609182551,0.38719175561281044,0.3868237026131819,0.4038901601830643,0.40198321891685385,0.412804399057349,0.4163742690058479,0.420641447368409,0.4412631578947225,0.4163457424047909,0.4317573595004361,0.42908117752005903,0.42420152946468564,0.40964912280701593,0.4010889292195898,0.43103448275860634,0.4304511278195402,0.4552887072048946,0.45580933465739587,0.47568922305764505,0.4917293233082734,0.5069817400644553,0.5165491047205585,0.49286768322674446,0.48079658605974135,0.49661281917663275,0.5223112128146535,0.5080332409972357,0.4869806094182949,0.49649122807017226,0.4857834240774306,0.4893001735106996,0.4564983888291941,0.4225146198830437,0.4372848007870003,0.4453044375645013,0.4508240297713972,0.4603878116343314,0.9209066262646334,0.9358745720311785,0.9095306588180765,0.9518222439127558,0.908336219433081,0.922523303496841,0.9383455686567908,0.9623779422804813,0.9573686432062058,0.945087811996898,0.9487730441343547,0.945869104686975,0.9638392217337866,0.9720884240220343,0.9706594414630502,0.9293912178537413,0.9579693898134768,0.9557724472011342,0.9722964922945451,0.9575291352426443,0.9669877997133419,0.9487490762121542,0.9257545962634894,0.8971053570825333,0.8934990956708727,0.8877171274438688,0.9185584818811152,0.9610065022950168,0.9828239971733191,0.9932168083204905,0.9920661240621265,1.0,0.971603693090544,0.9604745098544994,0.9441072255800663,0.9272132122359904,0.9016972027012446,0.9113003859053349,0.9218144672131342,0.9169806193282429,0.9442272360111102,0.9627999462193384,0.9889213051694292,0.9572260801328143,0.9532186399987915,0.9528060916070479,0.9026023117087757,0.8388309601130766,0.8079565658306614,0.799305456349666,0.840904524595677,0.7638109420802045,0.7647827666076795,0.8810965726419582,0.876170672878281,0.8540300027824441,0.8180242870018984,0.8254884844030876,0.8393274484771537,0.8311899204065647,0.8259971212201755,0.8389003626869626,0.8357600889693159,0.8763223758201265,0.8921691743831894,0.8389040669199407,0.8668836121250547,0.8712932858114961,0.8062776977321036,0.7720454408317611
T002,defect,275.0,113.0,1,0,1,0.36210526315788344,0.3521011831905337,0.3597181931205946,0.3659730722154178,0.3730158730158768,0.3822055137844589,0.38087585375653177,0.37309941520467627,0.3594624860022376,0.342289289657709,0.35478985232865945,0.34795321637426774,0.3593335857629687,0.37243873041382597,0.3723783142065632,0.3751879699248121,0.3706449221645643,0.38071456012293864,0.3845562812139882,0.37094448449892115,0.36406533575317207,0.37140724150802473,0.3717805151175771,0.38521836506158813,0.39016018306635947,0.38969764837626186,0.40160183066361127,0.4088766692851377,0.40645409143296457,0.3835112256164923,0.39399555226092964,0.38924649753880525,0.37737961926092034,0.38019874861980474,0.38056680161943746,0.396262395118229,0.39588100686498645,0.4065200314218437,0.40818713450292393,0.4107730263157777,0.4319999999999851,0.4107830551989707,0.42149866190900076,0.4183764495985606,0.41430499325235914,0.4004385964912264,0.3847549909255794,0.41243194192376204,0.4201127819548778,0.4476239141543072,0.44935451837139695,0.4691729323308271,0.48471177944862515,0.4994629430719749,0.5051546391752522,0.4795868175110538,0.47178757705073143,0.4908806670140493,0.5183066361556135,0.510249307479231,0.49141274238228283,0.5017543859649091,0.4894131881427663,0.49334875650665183,0.46616541353381247,0.42836257309941794,0.43925233644858497,0.44891640866873067,0.4497607655502392,0.4531855955678486,0.7165725835293224,0.7378852961286267,0.7151744129597253,0.7861623194187167,0.7353623340155343,0.7546554118649932,0.8048287185128792,0.8550904996841522,0.8710252744985739,0.8645912894737954,0.8611511130046464,0.8573433082418633,0.8712694604869456,0.8981060409824694,0.8920465292741756,0.8252552198141005,0.8682074131718696,0.8845418225157036,0.9018147387421592,0.8829747708099186,0.9114945947092749,0.885091052353199,0.8376777008942926,0.792636740205299,0.8044439023096305,0.7927772398488714,0.8369342315403459,0.8957991402201523,0.9306828863807942,0.9422869218228309,0.9362816958281497,0.9382164508314528,0.9187771069731363,0.9265600449355861,0.9141482285218236,0.8943710866848584,0.8458001505908169,0.8469384098020939,0.8668158027542413,0.8653249098653802,0.8925012534991994,0.9295498978329804,1.0,0.967643354570188,0.9413159954258004,0.9375048977167018,0.9200597397626177,0.8360720092385592,0.7662266385393762,0.740026115483141,0.8054085903497371,0.6952691746059804,0.6849621858495324,0.8448558228722025,0.8382012465433475,0.8578800311247433,0.7706056609920631,0.7669183954494846,0.7673467358995651,0.7168672564847423,0.6948006598184379,0.6852083290676431,0.6763461846706742,0.7431424917766154,0.7570966481271799,0.7183587923797228,0.7885949585550427,0.7441879302076375,0.7204907716057819,0.7120620130174475
T002,defect,270.0,114.0,1,0,1,0.48128654970760026,0.5026611472501494,0.5068649885583573,0.5033594624859854,0.44572368421051733,0.4236581552892151,0.47585458491589006,0.440601503759393,0.4320802005012486,0.4200779727095526,0.45243843553837526,0.46064703042007404,0.4589276930644419,0.48113207547168446,0.4987702902115132,0.5002370791844442,0.48237986270021704,0.4543157894736855,0.49241748438892347,0.4785087719298237,0.48160223567769167,0.4982784062961163,0.5257894736841981,0.5458491589799118,0.5179781136008356,0.5132935431361736,0.5295713510580486,0.5134264232008592,0.552046783625733,0.5432330827067567,0.5477356181150297,0.5394736842105318,0.5871345029239692,0.5721561969439698,0.5032581453634023,0.49739212897107044,0.4891356832448003,0.5012531328320812,0.4187840290381109,0.42710759198882514,0.46028708133971447,0.48026315789472834,0.47368421052632104,0.44419237749546064,0.47417609444171005,0.4670459933617733,0.444136657433053,0.43148411569463513,0.43890977443607887,0.4741951967296808,0.48931735278791355,0.5229563269876759,0.564754583086937,0.5557441992076916,0.5482938114516889,0.5284423179160032,0.5421052631578829,0.5097744360902202,0.5016111707841017,0.5495716034271754,0.5815147625160298,0.6052631578947465,0.6220760233918116,0.6240601503759142,0.6498538011695841,0.6620900076277582,0.649122807017532,0.6069287141905244,0.613086770981475,0.7146381578947151,0.6424128463453433,0.666613820829111,0.6558274211255846,0.4837884872446493,0.33323734508652036,0.5177776309405778,0.5074496092867842,0.6338375987367236,0.6880748504668042,0.7495965639277358,0.7798476180474597,0.7053454427952481,0.7246582662814133,0.6976092668740212,0.7160202164253602,0.87588150154925,0.8676565024334315,0.8741572070915907,1.0,0.9739625026086971,0.91133515642433,0.8534450653191409,0.8676398912488337,0.8950890397850202,0.7669345752979072,0.8473789113816745,0.896838189329524,0.8582464320960296,0.9532062219702035,0.9177237987881743,0.9201342267698217,0.8946680925375214,0.8896942484040984,0.8749423350483436,0.7659291123088959,0.8186324527880182,0.7966073035977568,0.6038195687955121,0.5484939093316747,0.5701298055001998,0.6490727116831758,0.607725676958877,0.6705042398631342,0.7969684733388653,0.8418704207386933,0.8707926154038097,0.8121588254423124,0.8226858198572637,0.8287221801727181,0.818045627668411,0.7937095838045513,0.79767502492196,0.8094432344704646,0.7566903683933696,0.7336832179928529,0.7262902433456974,0.6289144286156252,0.4413799635680389,0.40796294399841776,0.25369794748333463,0.2545765129116478,0.2090740285682307,0.10042518487391056,0.16835596657426102,0.3028692446858295,0.42438268890907827,0.3359192702526918,0.29062053966695334,0.44383165031199384,0.5443124766699939
T002,defect,271.0,114.0,1,0,1,0.4730994152046805,0.49201655824956114,0.49427917620138284,0.48264277715564374,0.424890350877188,0.4075039082855717,0.4579489962018402,0.4310776942355827,0.42355889724310414,0.4191033138401577,0.4543698696281878,0.45823273780781026,0.4564682734874656,0.477656405163844,0.4963108706345342,0.4954954954954964,0.47597254004575573,0.4496842105263178,0.4857270294379894,0.47105263157894733,0.4788076385654445,0.49778652238072213,0.5263157894736727,0.5474769397721013,0.5211047420531573,0.5214324470971095,0.537167661421591,0.5241675617615517,0.5643274853801191,0.5532581453633995,0.5593635250917747,0.5474828375286119,0.5941520467836214,0.576117713638934,0.5012531328320784,0.5016595542911298,0.49782713664895534,0.5052631578947369,0.4178765880217803,0.4257102934327003,0.46602870813397557,0.4783834586466097,0.47368421052632365,0.4487295825771313,0.4815543531726524,0.48032242769084266,0.45475530932594477,0.4442863916548084,0.4454887218044989,0.48492590700050614,0.5007816571130841,0.5240761478163423,0.5641632170313475,0.5597057159026587,0.5563909774435937,0.529505582137161,0.5384210526315691,0.5067669172932303,0.49946294307196615,0.5446756425948663,0.5789473684210386,0.5988620199146649,0.6133040935672502,0.61654135338344,0.6469298245614037,0.6605644546147964,0.6447368421052553,0.6069287141905244,0.6244665718349608,0.7286184210526079,0.7954711169148199,0.8193643112928259,0.8374849341947743,0.7449347262418391,0.6640671302798542,0.7773426002564744,0.7688646110334979,0.8319102822773101,0.8493970850183086,0.8659554326769713,0.870349564033293,0.8340414504979543,0.8516518082371725,0.8288732015634248,0.837310885409734,0.9267900120660116,0.935786232059298,0.9211164525087883,1.0,0.9798969491333914,0.9415614490539204,0.8994337223323997,0.8895841196312252,0.8980788139363611,0.8071436966750123,0.83750696158088,0.8769027964774464,0.8212841565508301,0.902677688608807,0.8919965839917997,0.8999805015479677,0.8974992486822636,0.8934817040577455,0.8956469600553564,0.8267791889035147,0.8211993574434261,0.7846487758054108,0.7034214541086089,0.6824878341004024,0.7183339651507157,0.7393599778584665,0.7686540550288069,0.7919962847881061,0.8236829233281122,0.846510257678393,0.8450997221870958,0.8265223800753565,0.8090001923907307,0.8442639567067293,0.8245619021271223,0.8117509162099118,0.8566549126356915,0.8539658443540469,0.8072308509497206,0.7882613541444213,0.8145110920875144,0.763258180539351,0.6554955966968565,0.6381155625519589,0.5579493806664367,0.5354815842446118,0.5221080477414644,0.4508037315409963,0.4903818643788922,0.5380580090300922,0.6220093329366397,0.5879055548558155,0.5335368452271683,0.5811587975092853,0.6344079863528276
T002,defect,272.0,114.0,1,0,1,0.46608187134503143,0.48373743347132436,0.48855835240275775,0.4770436730123088,0.42160087719298045,0.4080250130276259,0.4644601193705867,0.440601503759393,0.4370927318295703,0.4342105263157948,0.46933848382423166,0.47126991791404155,0.46532218396459324,0.4895729890764582,0.5012297097884976,0.502133712660031,0.48421052631578104,0.45810526315789835,0.49598572702942717,0.47719298245614195,0.4913833255705707,0.5110673880964162,0.5357894736842017,0.5599565925122008,0.5289213131839547,0.5295713510580455,0.5425935973955474,0.5311493018260025,0.5719298245614068,0.5595238095238015,0.5691554467564053,0.5560640732265525,0.598830409356723,0.5772495755517827,0.5117794486215549,0.5144618302513031,0.5123128923225427,0.5218045112781955,0.4342105263157939,0.442477876106201,0.4775119617224925,0.4849624060150323,0.4784688995215398,0.4509981851179678,0.4825381210034461,0.48127074442863477,0.4593721144967699,0.45282124229492476,0.4525375939849499,0.5002554931016839,0.5195414278270007,0.5414333706606909,0.5759905381431182,0.5744199207696672,0.5777906304221978,0.5438596491228098,0.5494736842105163,0.5213032581453626,0.5236305048335133,0.5624235006120047,0.593068035943504,0.6102418207681555,0.6293859649122807,0.6293233082706604,0.6542397660818727,0.678108314263922,0.6549707602339129,0.6129247168554179,0.6273115220483333,0.740953947368397,0.9164683154731786,0.9405650365561088,0.9743310089695182,0.9139449792337314,0.8760771127877617,0.9516836644536797,0.9355155251966056,0.9660353773270037,0.9546132626298711,0.9537532707254799,0.9480061423333664,0.9320527933595794,0.9684744396778526,0.9420868733133118,0.9581733950433193,0.9936478769142946,0.9963281482625569,0.9606145151925101,1.0,0.9899027078367365,0.9427102953928898,0.9182050778571669,0.9269318436938715,0.9305607342050423,0.8712333007432591,0.8789281921347157,0.9212112412756542,0.8601566783853029,0.9393659907181957,0.9539123050730461,0.9767966125418216,0.9799509424695538,0.9763462658648369,0.9782224637261858,0.8763391167356309,0.8500911179637843,0.8005962357163132,0.7557621156757994,0.7201160764224329,0.773860945058873,0.829499489734444,0.8932046822124765,0.9076368709825079,0.9038588066486752,0.9269234504619578,0.9308879970535088,0.9192428934554291,0.8833178152692388,0.9179717785138533,0.8757736938926449,0.8462253614754184,0.8695292067583575,0.8653654750964923,0.8015964240804572,0.7296044168027028,0.8282755949010997,0.8085669365461435,0.7209029017147021,0.6801944178360366,0.6622053423449223,0.6806608138560133,0.6806743826451765,0.578600188480862,0.6249136086860249,0.6730240174462532,0.7034391193191317,0.7116824202338689,0.6947701434105152,0.7644678269798467,0.7542401471653922
T002,defect,273.0,114.0,1,0,1,0.4573099415204668,0.47131874630396425,0.4754004576659133,0.4664053751399675,0.41885964912280294,0.41427826993226097,0.46554530656537385,0.44360902255638285,0.440601503759393,0.4371345029239792,0.4698213423466828,0.4683727667793241,0.46237088047221464,0.4875868917576886,0.49778652238072485,0.5035561877667141,0.4901601830663513,0.45978947368421264,0.49999999999998906,0.48245614035087864,0.49557522123894276,0.5110673880964162,0.5321052631578822,0.5599565925121979,0.5284002084419006,0.5322843190450223,0.5474769397721073,0.5359828141783118,0.5754385964912314,0.5651629072681623,0.5795593635250661,0.5572082379862768,0.590643274853797,0.5704584040746998,0.5017543859649114,0.5011853959222363,0.495412844036689,0.5137844611528813,0.43103448275862416,0.44061481136469777,0.4827751196172286,0.49154135338345234,0.485645933014363,0.4487295825771313,0.48253812100344345,0.4836415362731101,0.4552169898430277,0.44618302513039004,0.4492481203007386,0.49667858967807266,0.5195414278269979,0.5358342665173499,0.5777646363098802,0.5755517826825126,0.5772122614227753,0.5486443381180223,0.5547368421052511,0.5253132832080155,0.5295381310418905,0.5660954712362397,0.59820282413349,0.6187766714082655,0.6330409356725133,0.6390977443608828,0.6615497076023379,0.6941266209000735,0.6659356725146146,0.6182544970019856,0.6344238975817585,0.751644736842078,0.8725434211563016,0.9154286023514926,0.9618008982744496,0.9433999128723641,0.9560378582838142,1.0,0.988867478289395,0.9957556629209127,0.9795634684089054,0.9698912647409286,0.9592421941318882,0.9567427594249249,0.9937718790207777,0.9774780360800116,0.9768324373120116,0.9670923137737183,0.9712451353578034,0.9320584364792933,0.939424021125506,0.9202023096165161,0.9078030238800366,0.91182936678333,0.9042680006202969,0.8959263367757423,0.8659072093762797,0.8494432497068078,0.8810733504327051,0.8273915470651175,0.8967521298380842,0.9354736752260936,0.9682839869464853,0.9777543619239598,0.9571867220294318,0.9618425370767181,0.8930198950701012,0.8600971047432353,0.8309060429498504,0.8322678917250733,0.79795464388999,0.850812651951,0.8783220429356178,0.9350579431056878,0.9278742941526248,0.9132249178077856,0.9170849851576421,0.9167174298668735,0.9506979198109656,0.9310704367036566,0.9433003213481161,0.9307834759140566,0.9097082351050343,0.9306752375895994,0.8793167763008874,0.8508454415756648,0.818499744553559,0.8722484389486784,0.8425601975782488,0.8112101992245894,0.7927731464220766,0.8032777727136763,0.8136374071355373,0.8009709672784828,0.7163925417171026,0.7321962019593938,0.7476890994520591,0.7782168698397376,0.7917188615602495,0.7934386695432839,0.8542663625314095,0.8478156387574499
T002,defect,274.0,114.0,1,0,1,0.4619883040935651,0.47309284447072947,0.47139588100687324,0.465845464725636,0.41885964912280294,0.41427826993226097,0.461747151383607,0.4401002506265601,0.434085213032575,0.42787524366471913,0.4543698696281878,0.45050700144856815,0.45007378258731434,0.4776564051638466,0.4889326119035973,0.49786628733997146,0.48924485125857176,0.4593684210526352,0.49732381801961434,0.48026315789473917,0.4946436888681936,0.5090998524348341,0.5315789473684104,0.5594139989148043,0.5273579989577953,0.5311991318502322,0.5480195333695038,0.5327604726101055,0.5701754385964944,0.5664160401002448,0.5856793145654554,0.5606407322654531,0.5900584795321585,0.5772495755517796,0.5082706766917294,0.5035561877667115,0.49589570255914284,0.5167919799498738,0.43375680580762593,0.44061481136469777,0.4770334928229701,0.488251879699241,0.4866028708134051,0.45054446460979997,0.4854894244958192,0.48269321953532046,0.4584487534626013,0.44855381697486535,0.4497180451127695,0.4936126724578377,0.5257946847316358,0.5459126539753565,0.590183323477237,0.5857385398981324,0.5818392134181503,0.5528973950026571,0.5552631578947228,0.5253132832080155,0.5295381310418905,0.5636474908200819,0.5969191270859945,0.6194879089616097,0.6235380116959078,0.6308270676691552,0.650584795321636,0.6857360793287552,0.6600877192982416,0.6135909393737365,0.6372688477951309,0.7532894736841815,0.7898651583095345,0.8629921957972938,0.9098586098283186,0.93852826303353,0.9912314594490226,1.0,0.9931177124193258,0.9704712581716026,0.9530332571928526,0.9438044671998087,0.9482256189752981,0.9749737845781496,0.9947140441763402,0.991161581803674,0.985053373536013,0.9191689253286217,0.918954512464109,0.8728952629134475,0.8558389804308418,0.835847795042742,0.8523323968682914,0.8808974993965127,0.8512298791042147,0.8348747647375453,0.8354376018291307,0.796357240192357,0.8080300595971329,0.7804851226378005,0.8410104273487932,0.8860885777267757,0.9240178212214961,0.9408886273976723,0.9134209951997869,0.8887588695517529,0.8327605178077648,0.79891197829016,0.7873512802110644,0.8425632283735055,0.8244254363574013,0.8987343927291324,0.9452812611051996,0.9888240003367502,0.9515787639955549,0.8865189192289663,0.8758835384141145,0.9005088675216137,0.9323491423194934,0.9199756063265921,0.9341317469671292,0.9516658851214154,0.9411106054817077,0.9279064042301342,0.8539715525434306,0.8468434542096788,0.8595229869433655,0.8894851648161994,0.867368062511657,0.8955653262413592,0.9021116070542057,0.9403949036807729,0.9336014045634095,0.9111552587530499,0.8659187912042157,0.8669863435706123,0.8476742771736278,0.8402397338441896,0.8424296328899696,0.8644075686812227,0.9075058213581603,0.900784113751053
T002,defect,275.0,114.0,1,0,1,0.4467836257309931,0.4654050857480822,0.4599542334096201,0.4462486002239576,0.40131578947368124,0.40177175612298505,0.4465545306565309,0.4270676691729269,0.42055137844610896,0.4161793372319706,0.44133268952195914,0.4379526798647932,0.4377766847024141,0.46276067527308223,0.4722085587801359,0.4826932195353256,0.4782608695652106,0.44757894736842607,0.4870651204281791,0.46798245614035233,0.48020493712157186,0.4948352188883517,0.5168421052631494,0.5447639717851247,0.5059927045336167,0.5116657623439957,0.5333695062398243,0.5177228786251448,0.5479532163742732,0.5463659147869628,0.570991432068516,0.5491990846682,0.5695906432748497,0.5534804753820004,0.4862155388471187,0.4841156946420087,0.4741670690487644,0.49423558897243014,0.42014519056261923,0.43083372147182386,0.4698564593301469,0.48308270676691106,0.48229665071771133,0.44328493647913,0.4761436301032975,0.4746325272641027,0.449676823638039,0.44096728307254357,0.4440789473684087,0.4869698518139942,0.5195414278270006,0.5397536394176867,0.5813128326434106,0.5721561969439728,0.570271833429719,0.5412014885699077,0.540526315789459,0.5122807017543823,0.5204081632653069,0.5495716034271819,0.5789473684210386,0.6009957325746973,0.6074561403508772,0.6120300751879512,0.6301169590643249,0.6636155606407322,0.6381578947368421,0.5916055962691401,0.6187766714082199,0.7236842105262877,0.6358696769242329,0.7317663516498154,0.7771368620602402,0.8576820015657531,0.9350077326120572,0.8911657278605852,0.900523785524722,0.8382353302561193,0.828802691662445,0.8043837038889023,0.8187332324275952,0.868312308197068,0.8855720391240878,0.9108956663989587,0.8997189545127656,0.7987903275233474,0.7862859393805881,0.7486088870250788,0.697288526163644,0.6872217900966127,0.745649547198777,0.7917373835686795,0.7610811008459933,0.7325995621682875,0.7864624435178496,0.7219245001489947,0.6971783918814538,0.6867628549964025,0.7425736791685074,0.7904635620424849,0.8144034984690582,0.8369409297437936,0.8371206586200688,0.8337209451908311,0.8034171894970658,0.7740975162129976,0.7984776994799366,0.8888337910253048,0.8459885589367627,0.8924047459350201,0.9120823859508598,0.9384609785729086,0.8837128986540608,0.8018339697818785,0.7848922462904605,0.8017580479405296,0.8507590743037715,0.8346908801741543,0.8301319178657677,0.8680151739992338,0.866832837762221,0.8297186381265426,0.7494149563827881,0.7976481623394912,0.8496131181832955,0.8447180408827594,0.8513089616810058,0.9193934742516519,0.9436020687058974,1.0,0.9788356413439776,0.9569545143822068,0.898941075968335,0.8863771873879691,0.8312932202056553,0.8176929581633068,0.832197804984895,0.8828846016663745,0.9265572302169116,0.9528267601240141
T002,defect,271.0,115.0,1,0,1,0.3551046290424958,0.38921377517868627,0.38032581453633857,0.3859649122806974,0.4051997463538383,0.3678426836321437,0.35263157894736846,0.339444115907755,0.331983805668017,0.3303471444568826,0.3426773455377695,0.3684210526315756,0.36605558840923075,0.4258373205741517,0.43246670894103434,0.4198286413708768,0.4315789473684129,0.44369645042841144,0.4561403508771908,0.44013880855985765,0.4430719656283589,0.40300751879698976,0.4210526315789502,0.4382271468144149,0.41709111488398,0.38670360110804564,0.368421052631579,0.40849282296650413,0.4173374613003029,0.41923774954627613,0.4047748236570781,0.36988304093567254,0.3425751879699192,0.3535885167464104,0.383959899749369,0.39447102604997436,0.3935672514619798,0.3887559808612349,0.4508560558021624,0.4357405140758943,0.4304511278195557,0.3927125506072837,0.40296052631579243,0.44470727380249503,0.40775014459224174,0.4204406364749104,0.4198142414860625,0.41267942583731854,0.40981667652277914,0.4439946018893363,0.4559210526315929,0.45569620253163867,0.4585526315789517,0.46626180836706904,0.45369753497667537,0.46250000000001174,0.415789473684226,0.4321329639889056,0.37719298245613575,0.3853383458646582,0.4152046783625696,0.4362880886426526,0.4607065609228476,0.4405191059841459,0.45421773612112126,0.4150566289140574,0.4013157894736946,0.4697564807541214,0.4907120743034117,0.47894736842103347,0.7735117219909852,0.7390012675887001,0.7851826061642894,0.8199816971070565,0.8261142466442595,0.8895359122574372,0.873152925148785,0.8276697489639209,0.8981830580424948,0.8834511046923001,0.8897915715822807,0.8674192577793833,0.9220951130053222,0.9357506762026596,0.8443192928370478,0.7336647886392839,0.6783857574276136,0.746733111957085,0.8505461199385737,0.8688199382152039,0.9640833726993802,0.9433983521905333,1.0,0.9984666718671119,0.8832412930513996,0.8621230275115694,0.8197937270908991,0.9605412176992705,0.876342642412046,0.8223657520598658,0.7665130827827035,0.6882286541295187,0.6409539480497752,0.5653933714505002,0.584025895430761,0.5747352694067125,0.6348295597482667,0.6224761823595752,0.70686646207149,0.684206359706462,0.6152842667243454,0.6308872237451534,0.6399543441871948,0.713710035268322,0.681035146221578,0.6733338848531285,0.7142071685584526,0.7895833998608695,0.8599722633225961,0.758480785841703,0.6803006233059282,0.6189729277196676,0.5677032126874845,0.5257229726437469,0.47178494261725623,0.5743208456745368,0.6918393551371795,0.6646597260863095,0.7033110588617724,0.554931573326783,0.6009299096284787,0.5761560001764654,0.6056385812647603,0.7431639762047525,0.7504427139289443,0.7745646287674596,0.8134774694167871,0.7229535240011817,0.6547880555948831,0.5856077007832984
T002,defect,272.0,115.0,1,0,1,0.3639822447685605,0.39961013645224175,0.38721804511278196,0.39443436176648633,0.4147114774889121,0.3799884326200007,0.3596491228070207,0.34831460674158127,0.34355118565645143,0.3398656215005575,0.35297482837529826,0.380325814536342,0.37906564163217704,0.4312200956937722,0.4451490171211258,0.4363525091799347,0.4445820433436449,0.45348837209303944,0.46279491833031183,0.4499710815500273,0.4452201933405003,0.4020050125313265,0.4258373205741655,0.4415512465374096,0.41992076966610176,0.38947368421054085,0.3723404255319158,0.40968899521531016,0.41733746130030963,0.42165759225650445,0.4102007596310346,0.37621832358674545,0.3477443609022517,0.3645933014354101,0.38947368421052636,0.3950026581605577,0.39415204678362153,0.38636363636363275,0.45466074825619257,0.4357405140758943,0.4317042606516381,0.4008097165991885,0.41502192982456537,0.4642223536369129,0.42510121457489036,0.43512851897185745,0.44086687306501054,0.43062200956937563,0.4251921939680804,0.45479082321187825,0.4723684210526471,0.481012658227843,0.4822368421052682,0.4939271255060728,0.47701532311791645,0.48355263157896194,0.43684210526317624,0.45152354570636166,0.3909774436090191,0.3928571428571463,0.4191033138401594,0.4432132963988902,0.46142754145637843,0.4354722422494694,0.4549387166546521,0.4243837441705553,0.4125000000000129,0.47604084838963073,0.5030959752322102,0.4902255639097632,0.9951124299074517,0.9687456418471673,0.9776608460576245,0.9507371629319569,0.9424563081406653,0.9623049219590446,0.9379775584544884,0.8841433196286036,0.927916251586143,0.9384990129632994,0.935412650074258,0.916430699754704,0.9517130529265833,0.9706557559171115,0.9174175963456896,0.8181910351455225,0.8034024788898273,0.8564258527189547,0.9359979783635052,0.9264904927179826,1.0,0.9755462604780475,0.9809445010663199,0.9795032959788647,0.8874729960263715,0.8590954547019202,0.8206068191166817,0.9295855309599651,0.8771129857462212,0.8406025767159296,0.8133446589758796,0.763407186484934,0.7450361070974726,0.6749639562495141,0.7132045348470359,0.7310190047368358,0.7458273899297803,0.7303099459062715,0.736114685680389,0.7016744269705196,0.659257909525051,0.6681002064850926,0.6698775137796246,0.6854773982374948,0.6414704242766859,0.6674577258809818,0.6674401875936549,0.7095597149405805,0.8007296077653953,0.7761405625530767,0.714141993079159,0.5796859166349388,0.5395036547323403,0.48734669609928183,0.44465402569529905,0.5277028634834364,0.5832796733776324,0.6319867365841063,0.683013368533427,0.5967916978707054,0.6652062704445338,0.6177219617553107,0.7140252092929353,0.8002044142905261,0.7636973883808088,0.7486878525876701,0.753580127690945,0.7888348617611678,0.6770665769902917,0.6303751351060923
T002,defect,273.0,115.0,1,0,1,0.37159162967661735,0.4054580896686195,0.397869674185466,0.4053236539624936,0.4261255548509957,0.3915558126084353,0.3736842105263223,0.36309875813129616,0.3562753036437281,0.35330347144456925,0.3689931350114583,0.3966165413533869,0.38852749852159285,0.439593301435401,0.45656309448320936,0.44369645042840816,0.4507739938080455,0.46144430844555,0.47126436781609743,0.4563331405436672,0.4511278195488805,0.40200501253132925,0.4269005847953265,0.4470914127423999,0.42727787209960594,0.3988919667590195,0.37402015677491685,0.41866028708134195,0.4216718266253881,0.41984271022383657,0.40531741725447773,0.3752436647173507,0.35197368421052494,0.36507177033493243,0.3919799498746886,0.4013822434875115,0.4035087719298214,0.3959330143540643,0.46607482561827274,0.4479804161566802,0.44360902255640466,0.41064198958935816,0.4292763157894798,0.47723240685986257,0.4291497975708427,0.43696450428397826,0.4402476780185733,0.43062200956937574,0.41868716735661204,0.4520917678812464,0.47565789473686015,0.48434377081945107,0.4842105263157945,0.49865047233468773,0.47768154563623877,0.4763157894736998,0.43223684210528385,0.45152354570636544,0.39786967418546254,0.39411027568922874,0.42105263157895445,0.4445983379501392,0.45998558038932846,0.4390771449171,0.4520547945205524,0.42704863424384093,0.4223684210526483,0.4901806755695204,0.5201238390093018,0.5030075187969835,1.0,0.9824670231332445,0.9550818312653958,0.8978471390313554,0.8795260829677644,0.8737923442889821,0.8252456757784203,0.7773279483951057,0.8131547702921851,0.8425395698904766,0.832590207086289,0.8257515922405537,0.8744120516807993,0.8822522242733142,0.872081317399414,0.8200906771451849,0.8353213086605004,0.8513464053476878,0.8983701269257305,0.8906105573664594,0.9177485091192981,0.9077656122642986,0.8884175668098392,0.8640241713995219,0.7848370217673637,0.7373327275371383,0.749965944318915,0.7800683386350797,0.7755597720452232,0.7965035016726576,0.8241823159986448,0.7893735819283084,0.7651386235546651,0.7591900866237288,0.7674018988687645,0.7542488158933437,0.7181646141034002,0.686336508746171,0.6476416107205789,0.5794462233362437,0.563228346053374,0.6101892540491111,0.5961711210990233,0.6182748005492684,0.6206180670106698,0.6735352871567792,0.6903069883125603,0.6796642837636426,0.8073943024730431,0.7895118607268012,0.7387509254248262,0.6250513574932073,0.5996642707014479,0.5541970269911553,0.5241775838303527,0.6184378427714446,0.6273264075244367,0.6831014828815479,0.6501608557727567,0.6202591440616297,0.6753662334394716,0.6366531065920837,0.7478138481430416,0.7285710256713432,0.7148787206310392,0.6958457076241258,0.6391437683796911,0.7265759476562079,0.5954097329240193,0.5858909504988421
T002,defect,274.0,115.0,1,0,1,0.37856689917566516,0.41260558804418684,0.392230576441105,0.4004839685420437,0.41915028535194443,0.38982070561016735,0.36783625730994685,0.3560023654642318,0.3603238866396774,0.35218365061589973,0.3701372997711796,0.40225563909774426,0.3938497930218854,0.4407894736842036,0.4533925174381848,0.44124847001225037,0.4421052631578887,0.44369645042841144,0.45372050816697246,0.4412955465587029,0.44092373791622635,0.39348370927318205,0.4221158958001082,0.44598337950140055,0.42614601018675724,0.39833795013851675,0.3745800671892486,0.41088516746411274,0.4086687306501528,0.4071385359951581,0.3950081389039585,0.36744639376218413,0.3392857142857131,0.35933014354067133,0.3849624060150376,0.39393939393939686,0.39356725146198296,0.38337320574162104,0.45212428662017023,0.4283965728274241,0.42669172932331856,0.39618276460381663,0.41228070175438797,0.45949142519220654,0.413533834586459,0.4228886168910748,0.424148606811141,0.41387559808612134,0.40745121230042775,0.4460188933873193,0.4703947368421208,0.4750166555629532,0.47894736842105523,0.48582995951417,0.46768820786141857,0.46447368421054164,0.4250000000000181,0.4466759002769976,0.3941102756892185,0.39473684210526655,0.41910331384016297,0.43559556786703196,0.4506128334534908,0.43330930064889267,0.44268204758471863,0.42238507661558833,0.4151315789473827,0.48389630793401106,0.5069659442724564,0.4917293233082619,0.9994175550348847,0.9758703849922133,0.9736139224237876,0.8972297401013987,0.889232316126591,0.8548103558902914,0.8058868056139166,0.7776471746571368,0.7705107925017856,0.840024137501551,0.8272789364088533,0.8256531418334397,0.871988364519127,0.8796689742078315,0.9321874754353875,0.9149949596536227,0.9662796319402273,0.9810582994194075,1.0,0.9838294951113714,0.9672252649776971,0.939563076338561,0.8950495880302113,0.8573776157575071,0.8002096101883004,0.7471117101089563,0.7552484131895093,0.7936548589102767,0.8357856669478474,0.8704796442647615,0.9234302567481635,0.9125278020411148,0.93384371767867,0.9316473918139324,0.9279904683200351,0.9125259584470307,0.8541810544165247,0.8171429028702801,0.749926628746604,0.6922677751895171,0.6946720665260243,0.7635595324976304,0.7893723691195634,0.7982218384458121,0.7834579968786521,0.8409188646607171,0.8514109020858385,0.809146667006442,0.9027162550927071,0.8944228742590699,0.8880527341490916,0.8093725148254579,0.7667055197744411,0.7738675175937341,0.7143231496600501,0.7822114948117495,0.7387198120288727,0.8332908031606586,0.7744102342417201,0.7183957662796457,0.7823012760450286,0.792066804380436,0.8973373753904971,0.7866887718840342,0.785750153661212,0.7785841075394989,0.7323232066508699,0.8662693823535829,0.781874098834435,0.7682434515839877
T002,defect,275.0,115.0,1,0,1,0.37349397590362726,0.40545808966861596,0.37907268170426295,0.38898971566847934,0.40837032339886636,0.37941006362057816,0.3596491228070207,0.3459491425192265,0.35164835164835306,0.3381858902575563,0.35869565217392324,0.39849624060150374,0.38911886457717587,0.4372009569377922,0.4483195941661469,0.44124847001224693,0.44272445820432604,0.43941248470013616,0.4488808227465227,0.4407171775592803,0.4436090225563973,0.39248120300751604,0.4221158958001082,0.44376731301940514,0.42048670062252297,0.3927977839335296,0.3684210526315759,0.4001196172248786,0.3993808049535586,0.3956442831215938,0.389582202930002,0.3601364522417163,0.3345864661654115,0.35693779904306194,0.38195488721804516,0.39393939393939686,0.39005847953215844,0.38098086124401237,0.4426125554851034,0.41799265605875596,0.4172932330827136,0.3950260266049714,0.412828947368424,0.4553518628030866,0.4083285135916644,0.4186046511627995,0.4229102167182595,0.4084928229665042,0.40508574807807296,0.44939271255061103,0.47697368421054315,0.4756828780812718,0.47302631578947607,0.47840755735492696,0.46235842771484736,0.4546052631579098,0.4184210526315956,0.44667590027699755,0.3991228070175381,0.39974937343358624,0.41780376868096636,0.43490304709140726,0.4477289113193872,0.423215573179532,0.43042537851478113,0.4130579613590905,0.4032894736842245,0.4705420267085569,0.48839009287926716,0.48270676691728487,0.8236108765652672,0.8089574432201131,0.8148276294735054,0.7331982434938826,0.7368555819607836,0.7041422538079196,0.6563299811287184,0.6605749470153246,0.6312782044862254,0.744222475997494,0.7326984092227155,0.7344211837508581,0.7745534044742327,0.7719904352760488,0.8824572861856804,0.8976119951091802,0.97442045605348,0.9720463319269146,0.9621581399786687,0.9340886665846561,0.8762223210608655,0.8436176295299493,0.7772804799835629,0.742675588214059,0.7288080467725587,0.6818526075404282,0.6949180182152641,0.7195688209628581,0.7770626143183941,0.8420086450449497,0.9022225976619579,0.9350374915754471,0.9733052083403809,1.0,0.9790530585897876,0.9502556140416444,0.8700294954940735,0.8136280335448546,0.7472995488056315,0.6814536540503456,0.717882501916888,0.7700906726339849,0.8093944884123894,0.8333350467473225,0.8128836490037475,0.8762496864419628,0.8627136071054718,0.8054350773762777,0.8660699701126451,0.8681693854816387,0.9009908555723478,0.869521462460074,0.8736507315762249,0.8964968745695807,0.818926206937164,0.85612691425859,0.7718690170099505,0.8715836936138095,0.7718835179763626,0.7176563158883191,0.8031118226182881,0.8237187809216272,0.9208475568934555,0.7920141005926145,0.7839940773175303,0.7850428421929347,0.7482515220899689,0.9273267591908246,0.8875173585886641,0.8382345153294125
T002,defect,271.0,116.0,1,0,1,0.38139870223503547,0.40503432494279173,0.3911806543385601,0.3584277148567515,0.3495776478232666,0.33001422475104936,0.3485987696513885,0.31514762516046096,0.30231065468549106,0.3294600136705306,0.3413940256045391,0.36625811103099437,0.35688536409516053,0.41118421052634213,0.4151103565364874,0.4202302631578932,0.401413982718008,0.39774436090229,0.4218266253870195,0.44436090225563174,0.4376351838500304,0.4439359267734595,0.4665071770335059,0.49540517961571817,0.4785425101214842,0.4745065789473654,0.5078485687904039,0.4842105263157943,0.5090744101633713,0.47877758913411145,0.4854809437386533,0.4291497975708741,0.45454545454546325,0.4249226006192108,0.4278195488722137,0.41038406827882046,0.46390977443612935,0.4736842105263238,0.4700292397660913,0.4399460188933886,0.416866028708162,0.4168179068360645,0.3886168910648886,0.3831835686778126,0.3886639676113434,0.43368421052632344,0.45901639344266615,0.4836660617060228,0.48771929824562044,0.4995539696699199,0.5063520871143694,0.4622009569377942,0.38866396761132754,0.3815789473684063,0.37941869599374056,0.34679163662582974,0.38020424194815367,0.4023071377072798,0.4923599320883058,0.46228070175440356,0.5224880382775519,0.5402184707050903,0.5568421052631308,0.5349087003222799,0.5526315789473943,0.5961331901181479,0.5800438596491367,0.5273088381330975,0.586622807017546,0.6414473684210765,0.5736399426338106,0.5869236597400783,0.584364364205845,0.5464444963875319,0.5783672657196234,0.48301402071580524,0.4712425822448501,0.4448273048142626,0.5366520606716947,0.5396929355073654,0.46460365476328713,0.713421530046178,0.7322576071016361,0.7882076724452385,0.7270379356735993,0.8304916229194771,0.9174981133566319,0.8175389237338299,0.8139134520749685,0.901862617005039,0.8227029894101684,0.7925135800393976,0.7910195169388323,0.6832009865617229,0.7536339557505135,0.5836518869622966,0.6104578457960086,0.5213110480357612,0.566130761876509,0.5686215005887824,0.6260344677505869,0.6419904583302765,0.7530641665718413,0.820611849182441,0.8530990708272675,0.9192638798919512,0.9118191026466623,1.0,0.9167355267015698,0.8480151136514821,0.788390219949624,0.8036700992987627,0.8249488667484353,0.8203136135168329,0.9299429902818802,0.9356004690844715,0.9680156187290768,0.8341269582738694,0.7679282845817516,0.6766245223675947,0.5064630268475268,0.5721783695595795,0.7031269608246764,0.8273008216602604,0.8255308298101344,0.7999275596330832,0.7706193175356238,0.7974022518742799,0.7020854767068447,0.635661969611769,0.6607034711082029,0.7742563707246635,0.6045753587262762,0.6413741575409566,0.5631659525684111,0.5805265091960162,0.42345967579315963,0.14081079979038114,0.43923632447639815,0.2852788216257599
T002,defect,272.0,116.0,1,0,1,0.37995674116798167,0.4042715484363068,0.39331436699858857,0.3617588274483558,0.35217673814165285,0.3335704125177619,0.35406698564591876,0.31578947368420707,0.3119383825417133,0.33356117566642557,0.34281650071122327,0.37346791636624754,0.36770007209804423,0.4120065789473918,0.4168081494057558,0.43585526315788986,0.4194815396700892,0.41879699248123575,0.44040247678020883,0.4721804511278087,0.46647440519105077,0.46758199847444826,0.5047846889952283,0.523809523809533,0.4971659919028597,0.4819078947368389,0.51338873499539,0.4894736842105311,0.5108892921960377,0.477928692699475,0.5009074410163281,0.4469635627530579,0.47129186602871687,0.44659442724459547,0.44586466165416533,0.4352773826458183,0.48270676691733483,0.48976608187135046,0.4839181286549814,0.44534412955465585,0.4150717703349529,0.40774349667272497,0.3763769889841027,0.3709884467265913,0.3805668016194369,0.4266666666666731,0.46333045729080974,0.4900181488203625,0.5061403508771994,0.5182872435325413,0.5245009074410476,0.47655502392343974,0.3919028340080856,0.3893188854488984,0.37863315003930076,0.341023792357626,0.3707776904948939,0.4001441961067031,0.4898132427843962,0.4570175438596667,0.5157894736842482,0.5561072492552416,0.5757894736841763,0.5574650912997193,0.5736842105263406,0.6219119226637969,0.6074561403508872,0.5362462760675566,0.5953947368421053,0.6502192982456361,0.7291413629489483,0.7386766438911659,0.7437380563452528,0.7431189176529477,0.774452893254036,0.7075921022883198,0.7061008031285512,0.7033758645042972,0.7414246825936982,0.7522870305251392,0.6960930469744482,0.840917502452017,0.8480725373632403,0.8963237956702306,0.8309921055007051,0.8444691427706255,0.9064509693251399,0.8128545002365444,0.8201716352106978,0.8745006444111172,0.8011798214259552,0.8036625246425236,0.7109130838750265,0.7018563231075727,0.7897031530508275,0.7213535029842659,0.7551188221269994,0.6836138212502219,0.7267942242273016,0.716839725166837,0.6724787942434374,0.6641590297357522,0.7806810488805458,0.7671658287158939,0.8333286007199789,0.8256443122457784,0.8973275108680039,0.9702858681459411,0.9001989644828514,0.8976787046868407,0.8818579239909897,0.9254949665613798,0.9401464779224818,0.9384206536026743,0.9823963484709698,1.0,0.9889820694991305,0.88038439764987,0.7749459139457081,0.6938580860799654,0.5820613558254404,0.6173526326687151,0.7173170389127248,0.8131509275524478,0.8251193183986882,0.8617055104319937,0.8348274784445449,0.8540922661508944,0.8152164578995598,0.8093973243666278,0.8326600385868839,0.7235224031017826,0.6042042230995988,0.565723002831943,0.5345952715405942,0.491329152520379,0.3556817324449136,0.31403472227717194,0.5529710551347249,0.42554410435624845
T002,defect,273.0,116.0,1,0,1,0.39077144917086537,0.4202898550724665,0.40540540540541536,0.37641572285142133,0.3599740090968185,0.34779516358462026,0.36500341763498306,0.32156611039794597,0.3145057766367079,0.3294600136705269,0.3385490753911705,0.36337418889689077,0.353280461427534,0.39555921052633974,0.40407470288623193,0.43256578947368246,0.4116260801257083,0.4112781954887568,0.4388544891641112,0.47443609022555294,0.4664744051910509,0.46529366895500174,0.5079744816587067,0.5321637426900692,0.4987854251012433,0.49259868421052433,0.5244690674053673,0.4938596491228103,0.5099818511797071,0.47028862478776534,0.4954627949183297,0.43157894736844504,0.45454545454546763,0.4450464396284977,0.4481203007519099,0.44523470839262064,0.49624060150380167,0.5080409356725213,0.5021929824561524,0.45344129554656243,0.41925837320576764,0.41137326073806085,0.38249694002449564,0.3729139922978401,0.3812415654520967,0.4266666666666731,0.4667817083693274,0.47731397459168806,0.49298245614035724,0.5102586975914178,0.5199637023593793,0.4746411483253555,0.38947368421051926,0.39783281733744147,0.3888452474470011,0.3482335976928836,0.37627651217596353,0.40374909877432963,0.4915110356536694,0.4605263157894928,0.5138755980861637,0.5491559086395493,0.5694736842104984,0.5563909774436544,0.5768421052631827,0.6272824919441442,0.612938596491236,0.5402184707050958,0.6019736842105265,0.6502192982456421,0.7627775514358285,0.770525950332617,0.8002956747954123,0.841288658337934,0.9012087821698388,0.850395467493062,0.8722706833294909,0.8819079054928709,0.9115278690428479,0.9163154563429418,0.8719960951313612,0.9494406696091156,0.972381993745793,0.9840536533895013,0.921555041125136,0.9006073292491338,0.9582570079776301,0.9099580960216785,0.8920721699857821,0.9248407942849688,0.8780468900439431,0.8892669724319802,0.8087655221623089,0.7974457177663412,0.8772841742352403,0.8099533349875044,0.8324789005415216,0.8090690317588606,0.8576828096809606,0.8651539395694858,0.7998576141796198,0.8392624287322067,0.9371356723581257,0.8225259930522695,0.8793980010479291,0.8236360435886444,0.9093171150175006,0.9169429012080922,0.8646073864863358,0.9117395387160043,0.90825004646127,0.9348607779143391,0.9131939814971344,0.9329643155827941,0.9641871878843999,1.0,0.9978806277940051,0.9918558371175971,0.9423497248066517,0.8635226721967144,0.7867878358091724,0.7537948708398935,0.7680315699241804,0.791658670191553,0.748174698996988,0.8235557854416633,0.788280028257167,0.8541155958678819,0.8652687419734726,0.8852519188843286,0.9142405104109793,0.7998386493911098,0.7507079053533303,0.6672292182470249,0.6246096771066459,0.5825995686234251,0.49257437534721826,0.5159212333321829,0.684684637907711,0.621634703882177
T002,defect,274.0,116.0,1,0,1,0.39365537130496897,0.4256292906178531,0.40896159317213215,0.3770819453697436,0.3599740090968185,0.3477951635846202,0.36500341763498306,0.32156611039794597,0.3145057766367079,0.32946001367052685,0.3385490753911705,0.36337418889689077,0.353280461427534,0.39555921052633974,0.4100169779286779,0.44819078947368346,0.4281225451689142,0.42781954887221774,0.4458204334365572,0.48270676691728076,0.47440519105983087,0.4698703279939033,0.5103668261563143,0.5263157894736933,0.4939271255061015,0.4909539473684206,0.5189289012003812,0.4850877192982473,0.5036297640653674,0.4660441426145876,0.48911070780399063,0.42348178137654047,0.4497607655502523,0.4465944272445997,0.4488721804511594,0.44025604551921943,0.4939849624060571,0.5065789473684291,0.5036549707602486,0.4574898785425137,0.4222488038277762,0.4150030248033965,0.3916768665850834,0.37740693196407676,0.3798920377867771,0.4266666666666731,0.4710957722174711,0.49183303085303376,0.5052631578947464,0.5209634255129159,0.5308529945553873,0.47942583732056876,0.38947368421051926,0.3924148606810936,0.3802042419481761,0.341023792357626,0.366064414768264,0.3965392934390765,0.4889643463497643,0.46140350877195063,0.5138755980861637,0.5491559086395493,0.5799999999999674,0.5574650912997192,0.5705263157894983,0.6262083780880737,0.6293859649122887,0.5561072492552469,0.6162280701754407,0.6677631578947668,0.7486793980554505,0.7770617842733495,0.8071744069783712,0.8915682185820957,0.9500510786044428,0.9340909040109977,0.9729777691132248,0.9874112255682066,1.0,0.9903177640522566,0.9618454638817172,0.960688731189183,0.9755032028583537,0.9537340482152652,0.8958521927798968,0.844757403692638,0.8765370800800467,0.8640238956646377,0.8727825494373539,0.8901988296129533,0.8646259462477843,0.8872739014280695,0.8490624464430224,0.8873540791034151,0.9169698552616233,0.8920177069448207,0.9110595679404236,0.9083073186950106,0.9258434941625191,0.9042064347834312,0.8432107217635405,0.876889559550513,0.9490261361323516,0.8053732098827245,0.8699153807656239,0.827496876275909,0.921764575501852,0.8988341853578172,0.8502709822990682,0.8937483324213864,0.8916351894766293,0.8898393869920993,0.8335556677369491,0.8677247192616184,0.9024682833600113,0.9428948638303852,0.9525645912504027,0.9419517728693751,0.9453614052575486,0.887330246582841,0.8722246047154941,0.8070291094256256,0.7487103777452385,0.7963199065560449,0.7310069032197651,0.8048884596808576,0.7655207302206417,0.8341174230940382,0.8665149143961625,0.900684112202275,0.9178889746481662,0.7788096940337653,0.7609292772654452,0.6997454101965352,0.6923875162761578,0.6565510831224802,0.5229818315961446,0.6145647097987392,0.7613408289343204,0.6791033958615913
